session_id,station_id,arrival,departure,energy_needed_kwh,energy_delivered_kwh,unmet_kwh,pct_met,energy_cost_eur,penalty_eur,avg_price_eur_per_kwh
0,1,2025-09-20 23:45:00,2025-09-21 06:30:00,36.2787,36.2787,0.0,100.0,0.250336086,0.0,0.0069003598805910905
1,1,2025-09-22 16:45:00,2025-09-22 23:45:00,48.9896,48.9896,0.0,100.0,2.068597506000001,0.0,0.0422252377239251
2,1,2025-09-23 06:15:00,2025-09-23 10:30:00,11.3765,11.3765,0.0,100.00000000000001,1.5833925,0.0,0.13918098712257723
3,1,2025-09-23 15:30:00,2025-09-23 18:30:00,6.831,6.831,0.0,100.0,0.0,0.0,0.0
4,1,2025-09-23 19:45:00,2025-09-24 08:30:00,85.0652,85.0652,0.0,100.0,6.483365743999999,0.0,0.07621642862181008
5,1,2025-09-24 17:45:00,2025-09-25 06:45:00,42.5587,42.5587,0.0,100.0,2.2775658520000004,0.0,0.053515869892642405
6,1,2025-09-25 17:00:00,2025-09-26 08:30:00,81.2256,81.2256,0.0,100.0,5.2170488210000014,0.0,0.06422912014192572
7,1,2025-09-26 09:45:00,2025-09-27 07:30:00,110.4991,110.4991,0.0,100.0,2.1756244939999996,0.0,0.019689069811428324
8,1,2025-09-27 14:45:00,2025-09-27 17:45:00,0.0,0.0,0.0,0.0,0.0,0.0,0.0
9,1,2025-09-27 19:15:00,2025-09-28 02:30:00,17.262,17.262,0.0,100.0,1.657573681,0.0,0.09602442828177499
11,1,2025-09-28 11:15:00,2025-09-28 17:00:00,23.1125,23.1125,0.0,100.0,0.0,0.0,0.0
14,1,2025-09-29 04:45:00,2025-09-29 12:15:00,17.5856,17.5856,0.0,100.0,1.491729988,0.0,0.08482678941861523
16,1,2025-09-29 20:15:00,2025-09-30 08:15:00,39.3926,39.3926,0.0,100.0,4.104165008000001,0.0,0.10418619253362309
17,1,2025-09-30 12:15:00,2025-10-01 09:30:00,107.9546,107.9546,0.0,99.99999999999999,4.524536484999999,0.0,0.04191147468472857
20,1,2025-10-01 10:30:00,2025-10-01 15:45:00,28.2207,28.2207,0.0,100.0,0.0,0.0,0.0
22,1,2025-10-01 20:45:00,2025-10-02 04:15:00,50.1131,50.1131,0.0,100.0,4.426837571000002,0.0,0.08833693327692763
24,1,2025-10-02 16:45:00,2025-10-03 00:30:00,48.2636,48.2636,0.0,100.0,3.600108026,0.0,0.07459261277650238
26,1,2025-10-03 12:45:00,2025-10-03 15:45:00,12.0029,12.0029,0.0,100.0,0.0,0.0,0.0
27,1,2025-10-03 20:30:00,2025-10-04 08:15:00,44.859,44.859,0.0,100.00000000000001,3.7809390599999992,0.0,0.08428496087741588
29,1,2025-10-04 13:00:00,2025-10-04 14:15:00,0.0,0.0,0.0,0.0,0.0,0.0,0.0
31,1,2025-10-04 22:30:00,2025-10-05 03:00:00,11.4087,11.4087,0.0,100.0,0.020476587,0.0,0.0017948221094427938
32,1,2025-10-05 20:15:00,2025-10-06 01:00:00,29.909,29.909,0.0,100.0,2.35133511,0.0,0.07861630646293757
34,1,2025-10-06 19:45:00,2025-10-07 08:45:00,62.373,62.373,0.0,100.0,6.826527539999999,0.0,0.10944683661199556
36,1,2025-10-07 15:45:00,2025-10-08 04:00:00,43.3272,43.3272,0.0,99.99999999999999,3.6820255439999996,0.0,0.08498184844624161
39,1,2025-10-08 17:00:00,2025-10-08 23:45:00,30.1843,30.1843,0.0,100.0,2.969462536,0.0,0.09837771742263363
42,1,2025-10-09 18:45:00,2025-10-10 02:45:00,43.5697,43.5697,0.0,99.99999999999999,4.703199693999999,0.0,0.10794657052951936
45,1,2025-10-11 20:15:00,2025-10-11 23:15:00,5.3938,5.3938,0.0,100.0,0.6136556,0.0,0.11377055137379954
48,1,2025-10-13 14:00:00,2025-10-14 09:00:00,107.3878,107.3878,0.0,100.00000000000001,9.110908408999999,0.0,0.08484118688528863
51,1,2025-10-14 09:15:00,2025-10-14 13:00:00,20.4593,20.4593,0.0,100.0,0.02065128000000002,0.0,0.0010093835077446451
53,1,2025-10-14 16:15:00,2025-10-15 09:30:00,80.7291,80.7291,0.0,100.0,9.323079426000001,0.0,0.11548598245242424
56,1,2025-10-15 14:00:00,2025-10-15 18:15:00,22.7165,22.7165,0.0,100.0,0.0,0.0,0.0
58,1,2025-10-15 19:00:00,2025-10-15 20:30:00,7.9262,7.9262,0.0,100.0,1.4311882,0.0,0.18056423002195252
59,1,2025-10-15 21:45:00,2025-10-16 03:45:00,27.2501,27.2501,0.0,99.99999999999999,2.4863056909999997,0.0,0.09124024098994131
60,1,2025-10-16 11:15:00,2025-10-16 16:00:00,29.5398,29.5398,0.0,100.0,0.0,0.0,0.0
61,1,2025-10-16 18:00:00,2025-10-17 06:30:00,77.995,77.995,0.0,100.0,7.807192657999999,0.0,0.10009863014295786
65,1,2025-10-17 18:30:00,2025-10-18 00:45:00,27.7889,27.7889,0.0,100.0,3.304934976,0.0,0.11893003954816492
67,1,2025-10-18 21:30:00,2025-10-19 08:30:00,35.8173,35.8173,0.0,100.0,3.2893173269999996,0.0,0.09183599341658917
69,1,2025-10-19 19:45:00,2025-10-19 22:00:00,12.5992,12.5992,0.0,100.00000000000001,0.962882636,0.0,0.0764241091497873
71,1,2025-10-20 10:45:00,2025-10-20 15:00:00,21.916,21.916,0.0,100.0,0.0,0.0,0.0
73,1,2025-10-20 19:00:00,2025-10-21 07:30:00,62.412,62.412,0.0,100.0,3.187596,0.0,0.051073447413958854
74,1,2025-10-21 09:45:00,2025-10-21 10:45:00,0.0,0.0,0.0,0.0,0.0,0.0,0.0
75,1,2025-10-21 12:30:00,2025-10-21 18:15:00,25.9995,25.9995,0.0,100.0,0.0,0.0,0.0
77,1,2025-10-21 18:45:00,2025-10-22 08:45:00,64.3389,64.3389,0.0,100.0,5.669105574000001,0.0,0.08811318772935195
79,1,2025-10-22 09:30:00,2025-10-22 18:15:00,41.197,41.197,0.0,100.00000000000001,0.0,0.0,0.0
81,1,2025-10-22 20:00:00,2025-10-23 02:15:00,12.7697,12.7697,0.0,100.0,1.734419318,0.0,0.1358230277923522
82,1,2025-10-23 12:45:00,2025-10-23 18:30:00,38.2755,38.2755,0.0,100.0,0.0,0.0,0.0
84,1,2025-10-24 12:30:00,2025-10-24 17:30:00,25.1177,25.1177,0.0,100.0,0.0,0.0,0.0
86,1,2025-10-24 19:45:00,2025-10-25 05:30:00,46.0261,46.0261,0.0,100.0,1.4716994129999998,0.0,0.03197532297978755
87,1,2025-10-25 13:15:00,2025-10-25 16:00:00,0.0,0.0,0.0,0.0,0.0,0.0,0.0
89,1,2025-10-25 23:00:00,2025-10-26 05:45:00,10.6469,10.6469,0.0,100.0,0.118723088,0.0,0.011150953610910218
90,1,2025-10-26 18:45:00,2025-10-27 04:30:00,19.6296,19.6296,0.0,100.0,0.9287270279999998,0.0,0.04731258038880058
93,1,2025-10-27 11:15:00,2025-10-27 14:00:00,0.0,0.0,0.0,0.0,0.0,0.0,0.0
94,1,2025-10-27 17:15:00,2025-10-28 00:15:00,41.775,41.775,0.0,100.0,2.96892382,0.0,0.07106939126271694
96,1,2025-10-28 12:30:00,2025-10-28 15:15:00,5.924,5.924,0.0,100.00000000000001,0.015011154999999993,0.0,0.0025339559419311265
97,1,2025-10-28 17:00:00,2025-10-29 07:00:00,58.2045,58.2045,0.0,100.00000000000001,5.021810971,0.0,0.08627874083618964
100,1,2025-10-30 10:15:00,2025-10-30 12:00:00,4.2461,4.2461,0.0,100.0,0.0,0.0,0.0
102,1,2025-10-30 17:30:00,2025-10-31 03:15:00,27.357,27.357,0.0,100.0,2.3128247180000003,0.0,0.0845423371714735
104,1,2025-10-31 15:15:00,2025-11-01 06:30:00,90.7595,90.7595,0.0,100.0,3.4396405770000005,0.0,0.037898408177656336
106,1,2025-11-02 01:30:00,2025-11-02 08:15:00,8.2417,8.2417,0.0,100.0,0.40596117499999995,0.0,0.04925697064925925
107,1,2025-11-03 01:00:00,2025-11-03 05:45:00,27.9612,27.9612,0.0,100.0,1.3522063320000002,0.0,0.0483600965623793
109,1,2025-11-03 13:30:00,2025-11-03 18:00:00,30.1422,30.1422,0.0,100.0,0.006599048000000007,0.0,0.00021893053592637586
110,1,2025-11-03 20:00:00,2025-11-04 05:30:00,17.9274,17.9274,0.0,100.0,1.1963160419999999,0.0,0.06673115131028481
112,1,2025-11-04 16:45:00,2025-11-05 10:30:00,93.5136,93.5136,0.0,100.00000000000001,5.737594455000001,0.0,0.061355722108869734
115,1,2025-11-05 18:15:00,2025-11-07 03:45:00,185.1379,185.1379,0.0,100.0,10.822546857999997,0.0,0.0584566793617082
121,1,2025-11-07 18:30:00,2025-11-08 05:15:00,44.9628,44.9628,0.0,99.99999999999999,4.570174188000001,0.0,0.1016434516533668
124,1,2025-11-08 19:00:00,2025-11-09 04:30:00,18.0838,18.0838,0.0,100.0,1.9929396360000002,0.0,0.11020579944480696
125,1,2025-11-09 12:00:00,2025-11-09 16:00:00,23.4408,23.4408,0.0,100.0,0.0,0.0,0.0
126,1,2025-11-09 20:30:00,2025-11-10 08:45:00,26.9377,26.9377,0.0,100.0,2.400116624,0.0,0.08909879551706344
129,1,2025-11-10 19:00:00,2025-11-11 05:00:00,42.6838,42.6838,0.0,100.00000000000001,3.659003162,0.0,0.08572346328115116
132,1,2025-11-11 20:00:00,2025-11-12 06:00:00,58.3899,58.3899,0.0,100.0,3.845768931,0.0,0.06586359851618173
134,1,2025-11-12 14:00:00,2025-11-12 18:00:00,26.5259,26.5259,0.0,100.0,0.71562616,0.0,0.02697839319306791
136,1,2025-11-12 18:30:00,2025-11-12 23:30:00,27.1826,27.1826,0.0,100.0,2.1443506,0.0,0.07888688352107598
137,1,2025-11-13 00:00:00,2025-11-13 06:30:00,40.3535,40.3535,0.0,100.0,0.5643723600000001,0.0,0.013985710285353196
139,1,2025-11-13 09:00:00,2025-11-13 11:30:00,11.7581,11.7581,0.0,100.00000000000001,0.06699515099999998,0.0,0.005697787142480501
140,1,2025-11-13 13:00:00,2025-11-14 02:00:00,57.4638,57.4638,0.0,100.0,3.2773890229999996,0.0,0.05703397657307731
142,1,2025-11-14 15:15:00,2025-11-15 06:15:00,78.571,78.571,0.0,100.0,4.529932444999999,0.0,0.05765400014000075
145,1,2025-11-15 20:15:00,2025-11-16 03:30:00,29.8145,29.8145,0.0,100.0,2.657174785,0.0,0.08912357359673985
147,1,2025-11-16 17:30:00,2025-11-16 20:15:00,13.8279,13.8279,0.0,100.0,1.5386254499999998,0.0,0.11126963964159416
149,1,2025-11-17 09:30:00,2025-11-17 12:30:00,16.0272,16.0272,0.0,100.0,0.0,0.0,0.0
151,1,2025-11-17 19:15:00,2025-11-17 22:30:00,17.9149,17.9149,0.0,100.0,1.898330651,0.0,0.10596378718273616
155,1,2025-11-18 18:30:00,2025-11-19 06:15:00,69.764,69.764,0.0,100.0,7.019571599999999,0.0,0.10061882346195745
156,1,2025-11-19 13:15:00,2025-11-19 16:00:00,10.3842,10.3842,0.0,100.00000000000001,0.0,0.0,0.0
158,1,2025-11-19 20:15:00,2025-11-20 04:15:00,55.8378,55.8378,0.0,99.99999999999999,5.17146093,0.0,0.09261577157409497
161,1,2025-11-20 18:45:00,2025-11-21 05:15:00,44.3127,44.3127,0.0,99.99999999999999,5.468777999999999,0.0,0.123413332972263
164,1,2025-11-21 17:00:00,2025-11-22 01:00:00,38.7821,38.7821,0.0,100.0,6.592567218,0.0,0.1699899494354354
166,1,2025-11-22 19:00:00,2025-11-23 05:30:00,42.0857,42.0857,0.0,100.00000000000001,3.8751547480000004,0.0,0.09207770686955427
169,1,2025-11-23 22:00:00,2025-11-24 07:30:00,33.4274,33.4274,0.0,100.0,2.3545998100000003,0.0,0.07043921483573357
172,1,2025-11-24 11:45:00,2025-11-24 14:45:00,19.7976,19.7976,0.0,100.0,0.0,0.0,0.0
173,1,2025-11-24 19:15:00,2025-11-25 01:45:00,38.6355,38.6355,0.0,100.0,4.652614815,0.0,0.12042331055635361
175,1,2025-11-25 11:30:00,2025-11-25 16:15:00,30.4308,30.4308,0.0,100.0,0.0,0.0,0.0
177,1,2025-11-25 16:30:00,2025-11-26 06:45:00,49.8822,49.8822,0.0,99.99999999999999,7.2349688059999995,0.0,0.14504109293495476
179,1,2025-11-26 17:00:00,2025-11-27 02:30:00,46.4167,46.4167,0.0,100.0,7.6786519250000005,0.0,0.16542864798660828
180,1,2025-11-27 09:00:00,2025-11-27 12:15:00,14.3468,14.3468,0.0,100.0,0.784121819,0.0,0.05465482330554549
183,1,2025-11-27 17:30:00,2025-11-28 03:15:00,63.7778,63.7778,0.0,100.0,5.611547601999999,0.0,0.08798590735334237
184,1,2025-11-28 18:30:00,2025-11-29 01:15:00,29.3622,29.3622,0.0,100.0,2.656971324,0.0,0.09048951795165212
186,1,2025-11-29 12:15:00,2025-11-29 16:00:00,16.3855,16.3855,0.0,100.0,0.47795432100000007,0.0,0.0291693461291996
190,1,2025-12-01 03:15:00,2025-12-01 06:15:00,8.6578,8.6578,0.0,100.0,0.703277354,0.0,0.08123049204185821
193,1,2025-12-01 18:00:00,2025-12-02 04:00:00,67.106,67.106,0.0,100.0,5.35415852,0.0,0.07978658421005574
196,1,2025-12-03 08:00:00,2025-12-03 09:45:00,0.0,0.0,0.0,0.0,0.0,0.0,0.0
198,1,2025-12-03 13:15:00,2025-12-03 23:00:00,64.7452,64.7452,0.0,100.0,8.842834019999998,0.0,0.13657898994828957
200,1,2025-12-04 18:15:00,2025-12-05 03:30:00,28.2541,28.2541,0.0,100.0,3.6740244350000006,0.0,0.13003508995154686
201,1,2025-12-05 07:45:00,2025-12-05 13:15:00,25.7265,25.7265,0.0,100.0,2.35063567,0.0,0.09137020853983246
202,1,2025-12-05 19:00:00,2025-12-06 01:45:00,34.7623,34.7623,0.0,100.0,3.407997729,0.0,0.09803717616498332
205,1,2025-12-06 19:30:00,2025-12-07 02:00:00,28.6556,28.6556,0.0,100.0,2.010997492,0.0,0.07017816733901926
207,1,2025-12-07 13:45:00,2025-12-07 18:15:00,22.5883,22.5883,0.0,100.0,1.399075371,0.0,0.06193805514359203
210,1,2025-12-08 15:15:00,2025-12-09 02:30:00,71.9442,71.9442,0.0,100.0,5.9383857639999995,0.0,0.08254154975661693
212,1,2025-12-09 14:45:00,2025-12-09 18:45:00,21.958,21.958,0.0,100.0,1.4539262209999997,0.0,0.06621396397668275
214,1,2025-12-10 13:00:00,2025-12-10 18:00:00,35.7043,35.7043,0.0,100.0,0.5677632900000004,0.0,0.015901818268387848
216,1,2025-12-11 01:00:00,2025-12-11 06:00:00,22.2998,22.2998,0.0,100.0,1.5604442680000001,0.0,0.06997570686732617
218,1,2025-12-11 11:30:00,2025-12-11 12:30:00,0.0,0.0,0.0,0.0,0.0,0.0,0.0
219,1,2025-12-11 17:00:00,2025-12-12 04:15:00,78.936,78.936,0.0,100.0,7.61554446,0.0,0.09647745591365156
222,1,2025-12-12 20:15:00,2025-12-13 03:30:00,44.9056,44.9056,0.0,100.00000000000001,4.299843056,0.0,0.09575293629302359
223,1,2025-12-13 20:15:00,2025-12-14 06:30:00,26.7308,26.7308,0.0,100.0,2.32197196,0.0,0.08686503808340941
224,1,2025-12-14 19:15:00,2025-12-15 05:15:00,28.6615,28.6615,0.0,100.0,2.4526297699999997,0.0,0.08557227535195296
226,1,2025-12-15 11:00:00,2025-12-15 13:30:00,3.481,3.481,0.0,100.0,0.13590081599999998,0.0,0.039040740017236425
227,1,2025-12-15 13:45:00,2025-12-15 16:45:00,15.0639,15.0639,0.0,100.0,0.8840144620000001,0.0,0.058684302338703795
228,1,2025-12-15 17:30:00,2025-12-15 20:00:00,11.6686,11.6686,0.0,100.0,1.1697316619999998,0.0,0.10024610167457963
230,1,2025-12-15 20:45:00,2025-12-16 03:30:00,36.4466,36.4466,0.0,100.0,2.978821818,0.0,0.08173113042094463
234,1,2025-12-16 18:00:00,2025-12-17 02:15:00,50.1806,50.1806,0.0,100.0,6.134807639999999,0.0,0.1222545692957039
235,1,2025-12-17 11:45:00,2025-12-17 14:00:00,5.0932,5.0932,0.0,100.0,0.0,0.0,0.0
238,1,2025-12-18 19:30:00,2025-12-19 09:00:00,62.956,62.956,0.0,100.0,2.1501745,0.0,0.03415360728127581
239,1,2025-12-19 16:00:00,2025-12-20 03:15:00,59.241,59.241,0.0,100.0,5.866132724000001,0.0,0.09902150071740856
241,1,2025-12-20 09:00:00,2025-12-20 10:15:00,0.0,0.0,0.0,0.0,0.0,0.0,0.0
243,1,2025-12-20 19:15:00,2025-12-20 22:30:00,19.5667,19.5667,0.0,100.0,1.7699013480000003,0.0,0.09045476999187396
244,1,2025-12-21 09:00:00,2025-12-21 10:15:00,0.0,0.0,0.0,0.0,0.0,0.0,0.0
245,1,2025-12-21 11:00:00,2025-12-21 13:30:00,0.0,0.0,0.0,0.0,0.0,0.0,0.0
246,1,2025-12-21 17:00:00,2025-12-21 19:30:00,12.0123,12.0123,0.0,100.0,1.079559405,0.0,0.08987116580504982
249,1,2025-12-22 19:30:00,2025-12-23 04:45:00,35.5379,35.5379,0.0,100.0,3.1144416350000004,0.0,0.087637188325703
251,1,2025-12-23 20:00:00,2025-12-23 21:15:00,3.4937,3.4937,0.0,100.0,0.299641009,0.0,0.08576609582963621
252,1,2025-12-24 12:30:00,2025-12-25 03:00:00,75.5774,75.5774,0.0,100.0,3.5741417940000004,0.0,0.04729114515715016
255,1,2025-12-25 21:45:00,2025-12-26 05:15:00,19.1467,19.1467,0.0,100.0,1.773908567,0.0,0.09264826664647173
257,1,2025-12-27 19:30:00,2025-12-27 23:15:00,16.5547,16.5547,0.0,100.0,1.6566250009999997,0.0,0.10006976876657382
260,1,2025-12-29 02:00:00,2025-12-29 06:15:00,22.5479,22.5479,0.0,100.0,1.871583941,0.0,0.08300480049139831
262,1,2025-12-29 17:30:00,2025-12-30 05:30:00,24.2392,24.2392,0.0,100.0,2.4847599999999996,0.0,0.1025099838278491
264,1,2025-12-30 16:15:00,2025-12-30 18:45:00,6.7816,6.7816,0.0,100.0,0.6405856799999999,0.0,0.09445937241948801
266,1,2025-12-30 19:15:00,2025-12-31 08:15:00,46.7782,46.7782,0.0,100.0,4.423124241999999,0.0,0.09455524671748805
267,1,2025-12-31 14:00:00,2025-12-31 16:30:00,7.4101,7.4101,0.0,100.0,0.37339636699999995,0.0,0.050390192709949926
268,1,2025-12-31 18:30:00,2025-12-31 20:30:00,10.667,10.667,0.0,100.0,1.08942691,0.0,0.1021305812318365
10,2,2025-09-27 20:15:00,2025-09-28 00:45:00,10.6237,10.6237,0.0,100.0,1.104366901,0.0,0.1039531331833542
12,2,2025-09-28 17:00:00,2025-09-28 23:00:00,34.4766,34.4766,0.0,100.0,0.9578317899999997,0.0,0.02778208379016492
13,2,2025-09-29 03:30:00,2025-09-29 06:00:00,15.0263,15.0263,0.0,100.0,1.1981746630000003,0.0,0.07973850269194681
15,2,2025-09-29 15:15:00,2025-09-30 05:45:00,75.7663,75.7663,0.0,100.0,4.137121756999999,0.0,0.05460371902811671
18,2,2025-09-30 17:15:00,2025-10-01 06:15:00,41.5327,41.5327,0.0,99.99999999999999,4.6679755809999985,0.0,0.1123927792077086
19,2,2025-10-01 10:15:00,2025-10-01 12:45:00,0.0,0.0,0.0,0.0,0.0,0.0,0.0
21,2,2025-10-01 19:30:00,2025-10-02 02:00:00,30.1134,30.1134,0.0,100.0,3.935875128,0.0,0.1307017848532547
23,2,2025-10-02 15:00:00,2025-10-03 10:00:00,119.1485,119.1485,0.0,100.0,8.437542776,0.0,0.07081535039047912
25,2,2025-10-03 11:15:00,2025-10-04 04:30:00,77.7564,77.7564,0.0,100.0,3.447955568,0.0,0.04434304530559542
28,2,2025-10-04 11:45:00,2025-10-04 13:45:00,0.0,0.0,0.0,0.0,0.0,0.0,0.0
30,2,2025-10-04 18:00:00,2025-10-05 00:45:00,27.9032,27.9032,0.0,100.0,0.172396471,0.0,0.006178376351099516
33,2,2025-10-05 21:15:00,2025-10-06 04:30:00,7.8634,7.8634,0.0,100.0,0.686699558,0.0,0.0873285802579037
35,2,2025-10-06 22:30:00,2025-10-07 11:00:00,51.9397,51.9397,0.0,100.0,4.900400416,0.0,0.09434787678789057
37,2,2025-10-07 19:00:00,2025-10-08 07:15:00,43.0167,43.0167,0.0,100.0,5.730189837,0.0,0.1332084943056999
38,2,2025-10-08 08:15:00,2025-10-08 14:30:00,39.0166,39.0166,0.0,100.0,0.04261493500000001,0.0,0.0010922257449393338
40,2,2025-10-08 18:00:00,2025-10-09 04:00:00,43.7862,43.7862,0.0,100.0,6.071775081999999,0.0,0.13866869200798423
41,2,2025-10-09 17:00:00,2025-10-10 05:00:00,66.1116,66.1116,0.0,100.0,6.564550642,0.0,0.09929498971436179
43,2,2025-10-10 08:45:00,2025-10-10 13:45:00,27.8519,27.8519,0.0,100.0,0.0,0.0,0.0
44,2,2025-10-10 20:15:00,2025-10-11 01:00:00,4.807,4.807,0.0,100.0,0.5493690700000001,0.0,0.11428522363220306
46,2,2025-10-11 21:15:00,2025-10-12 05:45:00,26.8207,26.8207,0.0,100.0,2.682498705,0.0,0.10001598410928872
47,2,2025-10-12 23:00:00,2025-10-13 08:45:00,18.89,18.89,0.0,100.0,1.675626,0.0,0.08870439385918476
49,2,2025-10-13 18:00:00,2025-10-13 19:30:00,4.6038,4.6038,0.0,100.0,0.65790657,0.0,0.14290511533950215
50,2,2025-10-13 20:30:00,2025-10-14 03:15:00,26.0149,26.0149,0.0,100.0,2.889437367,0.0,0.11106855559698481
52,2,2025-10-14 12:00:00,2025-10-14 16:00:00,23.6734,23.6734,0.0,100.0,0.0,0.0,0.0
54,2,2025-10-14 16:45:00,2025-10-15 07:30:00,72.0098,72.0098,0.0,100.0,10.467365074999998,0.0,0.14536028533616255
55,2,2025-10-15 11:30:00,2025-10-15 15:45:00,25.1007,25.1007,0.0,100.00000000000001,0.0,0.0,0.0
57,2,2025-10-15 18:00:00,2025-10-16 06:00:00,42.6511,42.6511,0.0,100.0,5.053044078999999,0.0,0.11847394507996276
62,2,2025-10-16 18:45:00,2025-10-17 04:00:00,38.6274,38.6274,0.0,100.0,4.47191661,0.0,0.11577058279873871
63,2,2025-10-17 07:00:00,2025-10-17 10:15:00,11.8838,11.8838,0.0,100.0,1.4407649999999999,0.0,0.12123773540450022
64,2,2025-10-17 17:45:00,2025-10-17 21:30:00,17.3803,17.3803,0.0,100.0,1.5101058439999997,0.0,0.08688606318648123
66,2,2025-10-18 11:15:00,2025-10-18 14:15:00,12.6308,12.6308,0.0,100.0,0.0,0.0,0.0
68,2,2025-10-19 10:00:00,2025-10-19 15:00:00,25.0703,25.0703,0.0,99.99999999999999,0.0,0.0,0.0
70,2,2025-10-20 09:30:00,2025-10-20 14:30:00,23.205,23.205,0.0,100.00000000000001,0.0,0.0,0.0
72,2,2025-10-20 16:45:00,2025-10-21 03:30:00,59.4501,59.4501,0.0,100.0,2.8204123559999994,0.0,0.047441675556475084
76,2,2025-10-21 18:30:00,2025-10-22 03:00:00,51.3662,51.3662,0.0,100.0,4.662279874,0.0,0.0907655204005747
78,2,2025-10-22 09:30:00,2025-10-22 15:15:00,29.1624,29.1624,0.0,100.0,0.0,0.0,0.0
80,2,2025-10-22 20:00:00,2025-10-23 16:00:00,83.929,83.929,0.0,100.0,6.83768957,0.0,0.08146992779611338
83,2,2025-10-23 20:45:00,2025-10-24 06:00:00,49.3287,49.3287,0.0,100.0,2.050071912,0.0,0.041559414945052275
85,2,2025-10-24 13:45:00,2025-10-24 19:45:00,32.7808,32.7808,0.0,100.0,0.0,0.0,0.0
88,2,2025-10-25 19:15:00,2025-10-25 23:00:00,23.8946,23.8946,0.0,100.0,1.065327596,0.0,0.04458444987570413
91,2,2025-10-26 19:15:00,2025-10-27 03:00:00,11.2266,11.2266,0.0,99.99999999999999,0.5562501479999999,0.0,0.0495475164341831
92,2,2025-10-27 09:30:00,2025-10-27 15:00:00,39.0331,39.0331,0.0,100.0,0.0,0.0,0.0
95,2,2025-10-27 19:45:00,2025-10-28 04:00:00,25.3213,25.3213,0.0,100.0,2.28205511,0.0,0.09012393163068247
98,2,2025-10-28 18:15:00,2025-10-29 06:30:00,73.4249,73.4249,0.0,100.0,5.961332971,0.0,0.08118952795305136
99,2,2025-10-29 19:00:00,2025-10-30 07:15:00,39.8861,39.8861,0.0,100.0,3.9690232209999996,0.0,0.09950893220946645
101,2,2025-10-30 12:45:00,2025-10-31 07:00:00,118.5472,118.5472,0.0,100.0,6.755344724,0.0,0.05698443087647789
103,2,2025-10-31 08:00:00,2025-10-31 14:00:00,43.193,43.193,0.0,100.00000000000001,0.374469382,0.0,0.008669677540342187
105,2,2025-10-31 18:45:00,2025-11-01 04:00:00,62.9342,62.9342,0.0,100.0,3.452295582,0.0,0.05485563623594167
108,2,2025-11-03 13:30:00,2025-11-03 20:30:00,39.5837,39.5837,0.0,100.0,1.152224822,0.0,0.029108567971159845
111,2,2025-11-03 23:15:00,2025-11-04 12:30:00,31.775,31.775,0.0,100.0,0.43863074999999996,0.0,0.013804272226593233
113,2,2025-11-04 17:45:00,2025-11-05 00:30:00,15.1038,15.1038,0.0,100.0,1.423515276,0.0,0.09424881658920273
114,2,2025-11-05 09:30:00,2025-11-05 17:30:00,34.7664,34.7664,0.0,100.0,0.7836797830000002,0.0,0.02254129800612086
116,2,2025-11-05 19:00:00,2025-11-06 02:45:00,36.0672,36.0672,0.0,100.0,3.136394196,0.0,0.08695973615916955
117,2,2025-11-06 17:00:00,2025-11-07 00:45:00,46.3071,46.3071,0.0,100.0,5.76782796,0.0,0.124556017543746
118,2,2025-11-07 04:45:00,2025-11-07 08:00:00,22.2182,22.2182,0.0,100.00000000000001,1.8861723919999995,0.0,0.08489312329531644
119,2,2025-11-07 08:15:00,2025-11-07 12:15:00,14.1108,14.1108,0.0,100.0,1.0552277849999998,0.0,0.0747815704991921
120,2,2025-11-07 17:30:00,2025-11-07 22:15:00,26.1351,26.1351,0.0,100.0,3.1213164420000004,0.0,0.11943005544268054
122,2,2025-11-07 22:45:00,2025-11-08 08:15:00,21.9872,21.9872,0.0,100.0,1.932278128,0.0,0.0878819553194586
123,2,2025-11-08 16:45:00,2025-11-08 20:15:00,15.1084,15.1084,0.0,100.0,1.7192618599999996,0.0,0.11379509809112809
127,2,2025-11-10 06:45:00,2025-11-10 11:15:00,28.4572,28.4572,0.0,100.00000000000001,1.2073006399999997,0.0,0.04242513810213232
128,2,2025-11-10 12:00:00,2025-11-10 16:15:00,26.1578,26.1578,0.0,100.0,0.0,0.0,0.0
130,2,2025-11-10 20:45:00,2025-11-11 07:00:00,31.5733,31.5733,0.0,100.0,2.528068108,0.0,0.08006980923755198
131,2,2025-11-11 11:00:00,2025-11-11 16:15:00,26.6122,26.6122,0.0,100.0,0.0,0.0,0.0
133,2,2025-11-12 11:15:00,2025-11-12 14:15:00,17.1138,17.1138,0.0,100.0,0.0,0.0,0.0
135,2,2025-11-12 15:15:00,2025-11-13 01:15:00,60.3646,60.3646,0.0,100.0,5.209340198000002,0.0,0.08629793286131279
138,2,2025-11-13 03:45:00,2025-11-13 07:15:00,16.7203,16.7203,0.0,100.0,0.14196872600000005,0.0,0.00849080016506881
141,2,2025-11-13 18:15:00,2025-11-14 02:45:00,52.1866,52.1866,0.0,100.0,5.190825154,0.0,0.09946662848317384
143,2,2025-11-14 17:30:00,2025-11-15 08:30:00,51.1237,51.1237,0.0,100.0,3.702265254,0.0,0.07241778771880751
144,2,2025-11-15 17:00:00,2025-11-16 02:30:00,14.643,14.643,0.0,100.00000000000001,1.56736935,0.0,0.10703881376767056
146,2,2025-11-16 13:30:00,2025-11-16 16:15:00,12.8856,12.8856,0.0,100.0,0.45925324900000003,0.0,0.03564081214689266
148,2,2025-11-16 21:45:00,2025-11-17 04:15:00,30.0663,30.0663,0.0,100.0,2.4360516809999995,0.0,0.08102266261561947
150,2,2025-11-17 10:00:00,2025-11-17 13:30:00,19.6667,19.6667,0.0,100.0,0.03133094300000003,0.0,0.0015930960964472957
152,2,2025-11-17 21:30:00,2025-11-18 04:15:00,49.4347,49.4347,0.0,100.0,4.135448787,0.0,0.08365477664474548
153,2,2025-11-18 10:45:00,2025-11-18 12:30:00,12.3902,12.3902,0.0,100.0,0.0,0.0,0.0
154,2,2025-11-18 15:00:00,2025-11-19 07:00:00,93.0023,93.0023,0.0,100.00000000000001,8.498769728,0.0,0.09138236073731508
157,2,2025-11-19 19:00:00,2025-11-20 01:30:00,40.5832,40.5832,0.0,100.0,4.201638808,0.0,0.10353148120404504
159,2,2025-11-20 12:45:00,2025-11-20 17:30:00,27.9857,27.9857,0.0,100.0,0.0,0.0,0.0
160,2,2025-11-20 17:45:00,2025-11-21 02:00:00,34.4473,34.4473,0.0,100.0,4.956466104999999,0.0,0.1438854744784061
162,2,2025-11-21 03:45:00,2025-11-21 10:45:00,22.0101,22.0101,0.0,100.0,2.0535742260000003,0.0,0.0933014491528889
163,2,2025-11-21 13:00:00,2025-11-21 18:30:00,24.8937,24.8937,0.0,100.0,1.684157013,0.0,0.06765394509454199
165,2,2025-11-21 21:30:00,2025-11-22 04:15:00,27.14,27.14,0.0,100.0,2.8005852000000004,0.0,0.10319031687546058
167,2,2025-11-22 19:30:00,2025-11-23 00:00:00,23.2859,23.2859,0.0,100.0,2.1566787310000004,0.0,0.09261736634615798
168,2,2025-11-23 19:30:00,2025-11-24 02:45:00,9.6361,9.6361,0.0,100.0,0.793265192,0.0,0.0823222249665321
170,2,2025-11-24 04:15:00,2025-11-24 09:30:00,23.1679,23.1679,0.0,100.0,1.7445540030000002,0.0,0.07530048053556862
171,2,2025-11-24 11:15:00,2025-11-24 14:45:00,8.9926,8.9926,0.0,100.0,0.13648549499999993,0.0,0.015177534305984914
174,2,2025-11-24 21:00:00,2025-11-24 23:45:00,14.4652,14.4652,0.0,100.0,1.73487496,0.0,0.11993439150512955
176,2,2025-11-25 14:00:00,2025-11-25 16:00:00,4.3764,4.3764,0.0,100.0,0.18995700600000004,0.0,0.04340485467507541
178,2,2025-11-26 16:30:00,2025-11-27 08:15:00,58.5896,58.5896,0.0,100.0,9.249427883000001,0.0,0.15786808380668244
181,2,2025-11-27 09:15:00,2025-11-27 15:30:00,45.0757,45.0757,0.0,100.0,2.26350219,0.0,0.05021557491065031
182,2,2025-11-27 16:15:00,2025-11-28 06:45:00,69.5231,69.5231,0.0,100.0,6.220176725000001,0.0,0.08946920843575734
185,2,2025-11-28 19:30:00,2025-11-29 01:45:00,29.7729,29.7729,0.0,100.0,2.5628279760000003,0.0,0.08607921888697441
187,2,2025-11-29 16:15:00,2025-11-29 17:45:00,0.0,0.0,0.0,0.0,0.0,0.0,0.0
188,2,2025-11-29 18:30:00,2025-11-29 21:45:00,22.5741,22.5741,0.0,100.00000000000001,2.0060517480000004,0.0,0.08886519276516008
189,2,2025-11-30 14:30:00,2025-11-30 21:45:00,23.4982,23.4982,0.0,100.0,0.18702293400000006,0.0,0.007959032351414153
191,2,2025-12-01 12:30:00,2025-12-01 17:00:00,17.4748,17.4748,0.0,100.0,0.00921096000000002,0.0,0.0005270995948451496
192,2,2025-12-01 17:30:00,2025-12-02 11:00:00,70.3572,70.3572,0.0,100.0,5.7235563240000005,0.0,0.08134997305179853
194,2,2025-12-02 13:00:00,2025-12-02 16:00:00,11.9897,11.9897,0.0,99.99999999999999,0.025374168000000006,0.0,0.0021163305170271156
195,2,2025-12-02 17:00:00,2025-12-03 09:30:00,77.3202,77.3202,0.0,100.0,8.944926684,0.0,0.11568680220692652
197,2,2025-12-03 10:45:00,2025-12-04 03:45:00,119.346,119.346,0.0,100.0,14.461727243999997,0.0,0.12117479634005326
199,2,2025-12-04 17:30:00,2025-12-05 03:45:00,71.2637,71.2637,0.0,100.0,8.194999358,0.0,0.1149954234484036
203,2,2025-12-05 19:45:00,2025-12-06 02:15:00,41.146,41.146,0.0,100.0,3.7331085600000007,0.0,0.09072834686239246
204,2,2025-12-06 18:30:00,2025-12-07 01:45:00,11.4647,11.4647,0.0,100.0,0.926667621,0.0,0.08082789963976379
206,2,2025-12-07 12:45:00,2025-12-07 16:30:00,17.663,17.663,0.0,100.0,1.0926382449999998,0.0,0.06186028675762893
208,2,2025-12-08 03:30:00,2025-12-08 10:45:00,37.5054,37.5054,0.0,100.0,1.3406958780000002,0.0,0.03574674254907294
209,2,2025-12-08 14:00:00,2025-12-09 06:45:00,71.7633,71.7633,0.0,100.0,5.49616099,0.0,0.07658735021940184
211,2,2025-12-09 12:30:00,2025-12-09 16:45:00,22.9593,22.9593,0.0,100.0,0.29473060099999987,0.0,0.01283709002452165
213,2,2025-12-10 00:00:00,2025-12-10 12:15:00,39.0315,39.0315,0.0,100.0,1.2531107700000004,0.0,0.032105114330732876
215,2,2025-12-10 20:45:00,2025-12-11 07:15:00,65.2408,65.2408,0.0,100.0,4.908075215999999,0.0,0.07523015070324092
217,2,2025-12-11 11:00:00,2025-12-12 05:15:00,112.5704,112.5704,0.0,100.0,7.375252864,0.0,0.06551680427536902
220,2,2025-12-12 09:45:00,2025-12-12 14:45:00,24.1394,24.1394,0.0,100.00000000000001,1.7740862089999998,0.0,0.07349338463259236
221,2,2025-12-12 18:15:00,2025-12-13 01:45:00,29.0095,29.0095,0.0,100.0,3.2978980999999994,0.0,0.11368338302969715
225,2,2025-12-14 22:15:00,2025-12-15 07:30:00,15.0758,15.0758,0.0,100.0,1.1632806199999999,0.0,0.07716211544329322
229,2,2025-12-15 18:00:00,2025-12-16 05:15:00,34.6674,34.6674,0.0,100.0,3.097911792,0.0,0.08936094982606137
231,2,2025-12-16 05:30:00,2025-12-16 11:00:00,11.7466,11.7466,0.0,100.0,1.000097424,0.0,0.08513931043876526
232,2,2025-12-16 12:30:00,2025-12-16 16:45:00,24.9499,24.9499,0.0,100.0,1.598348944,0.0,0.06406233868672821
233,2,2025-12-16 18:00:00,2025-12-17 01:30:00,49.8797,49.8797,0.0,100.0,6.105650429999999,0.0,0.12240752109575637
236,2,2025-12-17 12:30:00,2025-12-18 10:45:00,118.4691,118.4691,0.0,100.0,8.798454846,0.0,0.07426793016913272
237,2,2025-12-18 18:15:00,2025-12-19 10:15:00,73.6613,73.6613,0.0,100.0,3.0740591,0.0,0.04173234927974391
240,2,2025-12-19 16:00:00,2025-12-20 04:00:00,60.7999,60.7999,0.0,100.0,6.036646963000001,0.0,0.09928711992947357
242,2,2025-12-20 19:00:00,2025-12-20 23:15:00,20.9485,20.9485,0.0,100.0,1.92902484,0.0,0.09208415113253933
247,2,2025-12-21 19:00:00,2025-12-22 15:15:00,64.021,64.021,0.0,100.0,4.69858428,0.0,0.07339129785539121
248,2,2025-12-22 18:30:00,2025-12-23 03:15:00,25.375,25.375,0.0,100.0,2.3873824999999997,0.0,0.09408403940886699
250,2,2025-12-23 12:45:00,2025-12-24 01:15:00,57.213,57.213,0.0,100.0,3.9975210999999997,0.0,0.06987085277821474
253,2,2025-12-24 19:00:00,2025-12-25 08:00:00,14.7144,14.7144,0.0,100.00000000000001,1.009909416,0.0,0.06863408742456369
254,2,2025-12-25 13:00:00,2025-12-25 16:30:00,18.4675,18.4675,0.0,100.0,0.0,0.0,0.0
256,2,2025-12-25 23:15:00,2025-12-26 01:15:00,7.1171,7.1171,0.0,99.99999999999999,0.645992795,0.0,0.09076629455817678
258,2,2025-12-27 20:15:00,2025-12-28 01:15:00,27.8131,27.8131,0.0,100.0,2.6138836499999996,0.0,0.09398030604283591
259,2,2025-12-29 00:00:00,2025-12-29 02:00:00,1.7166,1.7166,0.0,100.0,0.178509234,0.0,0.10399
261,2,2025-12-29 15:15:00,2025-12-29 18:30:00,6.7475,6.7475,0.0,100.0,0.42990894599999996,0.0,0.06371381193034457
263,2,2025-12-30 11:45:00,2025-12-30 12:45:00,0.0,0.0,0.0,0.0,0.0,0.0,0.0
265,2,2025-12-30 18:45:00,2025-12-31 04:45:00,25.0867,25.0867,0.0,100.0,2.560975803,0.0,0.10208500133536894
269,2,2025-12-31 19:45:00,2026-01-01 00:00:00,6.8373,6.8373,0.0,100.0,0.657817281,0.0,0.096210094774253
