arrival,departure,req_kwh,station_id
1/1/2025 7:45,1/1/2025 12:30,41.8873,1
1/1/2025 13:45,1/1/2025 19:00,28.5941,1
1/1/2025 14:15,1/1/2025 17:15,17.1969,2
1/1/2025 17:30,1/2/2025 6:15,47.199,2
1/1/2025 20:00,1/2/2025 3:30,56.9253,1
1/2/2025 14:45,1/2/2025 16:30,1.5995,1
1/2/2025 21:00,1/3/2025 10:15,72.1208,2
1/3/2025 9:30,1/3/2025 13:00,7.8712,1
1/3/2025 13:00,1/3/2025 16:15,5.2885,2
1/3/2025 18:00,1/4/2025 1:30,61.8492,1
1/3/2025 21:30,1/4/2025 6:00,60.7967,2
1/4/2025 16:30,1/4/2025 18:00,4.1306,2
1/4/2025 20:30,1/5/2025 3:45,12.0793,1
1/5/2025 5:00,1/5/2025 13:15,16.0457,1
1/5/2025 13:15,1/5/2025 18:15,25.3316,2
1/6/2025 1:15,1/6/2025 6:45,25.8019,2
1/6/2025 10:45,1/7/2025 10:00,167.0163,1
1/6/2025 10:45,1/6/2025 15:30,41.7319,2
1/6/2025 20:00,1/7/2025 5:15,63.8455,2
1/7/2025 12:45,1/8/2025 4:00,135.0366,2
1/7/2025 19:15,1/8/2025 3:00,67.7313,1
1/8/2025 7:45,1/8/2025 16:30,47.8838,1
1/8/2025 10:15,1/8/2025 13:15,0,2
1/8/2025 14:00,1/9/2025 5:15,95.6302,2
1/8/2025 19:45,1/9/2025 3:00,52.7613,1
1/9/2025 11:00,1/9/2025 15:45,44.7697,2
1/9/2025 17:30,1/10/2025 2:45,32.9218,2
1/9/2025 19:15,1/10/2025 3:30,25.1712,1
1/10/2025 11:30,1/10/2025 13:45,12.7903,2
1/10/2025 13:15,1/10/2025 22:45,62.9346,1
1/10/2025 21:30,1/11/2025 4:30,67.6703,2
1/11/2025 12:00,1/11/2025 15:00,0,2
1/11/2025 14:00,1/11/2025 18:45,33.3153,1
1/11/2025 21:00,1/12/2025 1:00,5.2994,2
1/12/2025 13:45,1/12/2025 15:15,5.7385,2
1/12/2025 22:30,1/13/2025 6:15,47.8921,2
1/13/2025 13:15,1/13/2025 21:30,60.9635,2
1/13/2025 17:15,1/14/2025 2:00,64.0614,1
1/13/2025 21:45,1/14/2025 3:30,51.4765,2
1/14/2025 10:45,1/14/2025 15:00,39.8435,2
1/14/2025 11:15,1/14/2025 15:45,27.1862,1
1/14/2025 18:00,1/15/2025 2:45,37.5638,2
1/14/2025 20:30,1/15/2025 3:15,27.6535,1
1/15/2025 3:30,1/15/2025 5:45,6.401,2
1/15/2025 8:45,1/15/2025 15:30,46.1278,2
1/15/2025 13:00,1/16/2025 12:00,176.2943,1
1/15/2025 18:45,1/15/2025 21:30,11.891,2
1/16/2025 0:45,1/16/2025 5:00,7.919,2
1/16/2025 13:15,1/17/2025 4:45,110.4128,2
1/16/2025 21:30,1/17/2025 7:45,21.8065,1
1/17/2025 15:00,1/18/2025 5:30,90.955,2
1/17/2025 17:45,1/18/2025 5:00,71.8473,1
1/18/2025 13:30,1/18/2025 15:15,3.3399,2
1/18/2025 16:15,1/19/2025 0:30,41.764,1
1/19/2025 14:45,1/19/2025 20:30,41.139,2
1/19/2025 16:30,1/20/2025 4:15,41.5615,1
1/20/2025 10:15,1/20/2025 12:30,5.635,1
1/20/2025 12:45,1/20/2025 23:45,61.7115,1
1/20/2025 17:30,1/21/2025 0:45,69.4277,2
1/21/2025 6:15,1/21/2025 9:30,23.2867,1
1/21/2025 9:15,1/21/2025 14:45,26.417,2
1/21/2025 17:00,1/22/2025 4:30,61.8965,2
1/21/2025 18:30,1/22/2025 4:00,49.3104,1
1/22/2025 5:45,1/22/2025 14:30,50.1147,2
1/22/2025 9:45,1/22/2025 13:15,22.8976,1
1/22/2025 19:45,1/23/2025 6:45,42.0848,2
1/22/2025 20:45,1/23/2025 0:00,22.544,1
1/23/2025 11:30,1/23/2025 15:15,19.0038,1
1/23/2025 18:30,1/24/2025 16:30,120.4637,2
1/23/2025 21:00,1/24/2025 4:30,13.4814,1
1/24/2025 8:00,1/24/2025 12:15,27.513,1
1/24/2025 13:45,1/24/2025 15:45,3.0572,1
1/24/2025 19:45,1/25/2025 1:45,50.0908,2
1/24/2025 21:30,1/25/2025 4:15,41.515,1
1/25/2025 9:00,1/25/2025 12:45,17.8507,1
1/25/2025 21:15,1/26/2025 0:30,33.1374,2
1/26/2025 13:00,1/26/2025 19:15,49.6606,1
1/26/2025 20:00,1/26/2025 23:45,26.3483,1
1/26/2025 21:00,1/27/2025 9:30,24.1364,2
1/27/2025 8:45,1/27/2025 11:45,0,1
1/27/2025 10:00,1/27/2025 13:45,29.0872,2
1/27/2025 18:00,1/28/2025 0:45,35.4715,1
1/27/2025 21:15,1/28/2025 3:15,43.7321,2
1/28/2025 11:30,1/28/2025 16:15,38.8699,2
1/28/2025 17:15,1/29/2025 5:30,68.6209,1
1/28/2025 19:45,1/29/2025 5:45,58.1335,2
1/29/2025 8:45,1/29/2025 13:30,37.8069,1
1/29/2025 10:30,1/29/2025 16:00,58.2363,2
1/29/2025 19:00,1/30/2025 1:30,10.4891,1
1/29/2025 21:00,1/30/2025 1:00,33.6224,2
1/30/2025 10:30,1/30/2025 13:00,17.4488,1
1/30/2025 13:45,1/30/2025 16:45,16.3012,2
1/30/2025 17:15,1/30/2025 23:45,36.3303,1
1/30/2025 18:15,1/31/2025 6:45,51.2611,2
1/31/2025 4:30,1/31/2025 7:15,17.2608,1
1/31/2025 8:00,2/1/2025 4:00,132.5371,2
1/31/2025 15:15,2/1/2025 9:15,141.4205,1
2/1/2025 14:15,2/1/2025 16:45,0,1
2/1/2025 21:30,2/2/2025 2:30,29.0436,2
2/2/2025 1:00,2/2/2025 4:00,7.7367,1
2/2/2025 3:15,2/2/2025 7:45,22.9285,2
2/3/2025 0:15,2/3/2025 10:00,58.1032,1
2/3/2025 11:15,2/3/2025 16:30,40.1735,1
2/3/2025 13:15,2/3/2025 15:45,23.6241,2
2/3/2025 18:30,2/3/2025 23:00,21.9909,1
2/3/2025 19:00,2/4/2025 4:00,50.9819,2
2/3/2025 23:30,2/4/2025 7:15,17.4663,1
2/4/2025 5:00,2/4/2025 8:45,16.03,2
2/4/2025 12:45,2/4/2025 15:00,14.0481,2
2/4/2025 13:45,2/4/2025 18:30,18.3334,1
2/4/2025 17:15,2/5/2025 5:30,61.5492,2
2/4/2025 18:45,2/5/2025 12:00,69.3417,1
2/5/2025 13:45,2/5/2025 17:45,26.1777,1
2/5/2025 18:00,2/6/2025 10:00,71.7739,2
2/5/2025 19:00,2/6/2025 3:45,22.8877,1
2/6/2025 11:00,2/6/2025 13:00,4.3392,2
2/6/2025 18:30,2/7/2025 2:00,64.6522,1
2/6/2025 20:30,2/7/2025 8:15,63.0658,2
2/7/2025 2:15,2/7/2025 7:30,21.4444,1
2/7/2025 16:00,2/8/2025 0:30,33.27,1
2/7/2025 18:00,2/8/2025 4:00,38.3573,2
2/8/2025 11:00,2/8/2025 14:00,19.4729,2
2/8/2025 17:15,2/9/2025 2:30,9.9151,2
2/8/2025 18:15,2/8/2025 21:15,10.7521,1
2/9/2025 20:00,2/9/2025 23:45,29.4379,1
2/9/2025 20:15,2/10/2025 5:30,44.2263,2
2/10/2025 0:30,2/10/2025 4:00,15.4609,1
2/10/2025 14:30,2/11/2025 2:45,79.5828,2
2/10/2025 17:45,2/11/2025 2:00,66.3102,1
2/11/2025 11:45,2/11/2025 14:30,14.0062,2
2/11/2025 17:00,2/12/2025 3:00,33.4715,2
2/11/2025 18:45,2/12/2025 3:15,60.6261,1
2/12/2025 6:45,2/12/2025 10:30,17.0277,2
2/12/2025 12:15,2/12/2025 15:15,13.7723,1
2/12/2025 17:00,2/13/2025 6:00,108.3146,2
2/12/2025 19:15,2/13/2025 8:30,27.6423,1
2/13/2025 14:30,2/14/2025 7:00,101.2296,1
2/13/2025 20:45,2/14/2025 1:00,29.0432,2
2/14/2025 9:15,2/14/2025 16:45,55.0132,1
2/14/2025 14:00,2/15/2025 6:30,71.2513,2
2/14/2025 17:15,2/14/2025 23:30,36.0526,1
2/15/2025 17:45,2/16/2025 2:00,7.6847,2
2/15/2025 19:00,2/15/2025 21:30,17.8553,1
2/15/2025 21:45,2/16/2025 7:15,53.2764,1
2/16/2025 19:45,2/17/2025 0:00,29.1402,2
2/17/2025 0:15,2/17/2025 5:15,26.2462,2
2/17/2025 3:00,2/17/2025 7:00,2.8144,1
2/17/2025 8:15,2/17/2025 11:15,0,2
2/17/2025 12:45,2/17/2025 17:00,14.6009,1
2/17/2025 18:30,2/18/2025 4:30,41.9874,1
2/17/2025 18:45,2/18/2025 12:00,74.1562,2
2/18/2025 12:15,2/19/2025 6:15,120.5295,1
2/18/2025 18:00,2/19/2025 6:30,81.1774,2
2/19/2025 12:00,2/19/2025 15:45,30.2003,2
2/19/2025 12:30,2/19/2025 14:00,3.9761,1
2/19/2025 19:30,2/20/2025 6:00,86.4588,1
2/19/2025 19:30,2/20/2025 3:30,50.3977,2
2/20/2025 16:15,2/20/2025 21:45,41.8978,1
2/20/2025 17:30,2/20/2025 18:45,2.6845,2
2/20/2025 19:00,2/21/2025 7:15,77.0281,2
2/20/2025 22:45,2/21/2025 4:00,8.4604,1
2/21/2025 7:00,2/21/2025 9:15,9.9635,1
2/21/2025 11:15,2/21/2025 14:00,18.1746,2
2/21/2025 16:45,2/22/2025 4:45,66.7646,1
2/21/2025 18:30,2/22/2025 2:30,50.0744,2
2/22/2025 8:15,2/22/2025 11:00,0,1
2/22/2025 20:30,2/23/2025 0:00,6.5255,2
2/23/2025 15:30,2/23/2025 19:15,8.6098,1
2/23/2025 20:30,2/24/2025 8:15,69.3068,2
2/24/2025 11:30,2/24/2025 16:00,21.8578,2
2/24/2025 15:45,2/24/2025 19:15,12.416,1
2/24/2025 17:00,2/25/2025 11:45,43.3072,2
2/24/2025 19:30,2/25/2025 11:45,88.069,1
2/25/2025 17:00,2/26/2025 2:15,17.3424,1
2/25/2025 17:15,2/26/2025 5:00,57.622,2
2/26/2025 5:45,2/26/2025 16:30,109.7988,2
2/26/2025 16:15,2/27/2025 2:00,40.8551,1
2/26/2025 18:00,2/27/2025 2:00,18.306,2
2/27/2025 10:45,2/27/2025 15:00,16.7558,1
2/27/2025 13:00,2/27/2025 17:00,26.8136,2
2/27/2025 18:15,2/28/2025 2:15,54.0462,1
2/27/2025 19:45,2/28/2025 10:15,68.1125,2
2/28/2025 15:30,2/28/2025 18:15,18.9988,1
2/28/2025 18:30,3/1/2025 5:30,57.1513,1
2/28/2025 21:15,3/1/2025 1:30,28.619,2
3/1/2025 19:15,3/2/2025 7:15,43.3962,2
3/1/2025 23:00,3/2/2025 5:45,20.4883,1
3/2/2025 10:00,3/2/2025 13:00,0,2
3/2/2025 19:00,3/3/2025 0:45,51.2162,1
3/2/2025 20:00,3/3/2025 1:45,8.5484,2
3/3/2025 4:45,3/3/2025 9:45,27.5544,2
3/3/2025 5:00,3/3/2025 12:30,66.1388,1
3/3/2025 10:45,3/3/2025 17:45,54.6051,2
3/3/2025 13:15,3/3/2025 17:00,11.8826,1
3/3/2025 17:45,3/4/2025 5:30,73.2416,1
3/3/2025 19:15,3/3/2025 23:15,14.2981,2
3/4/2025 16:45,3/5/2025 13:00,133.033,1
3/4/2025 18:30,3/4/2025 23:45,36.2986,2
3/5/2025 9:15,3/5/2025 16:00,62.5479,2
3/5/2025 18:15,3/6/2025 0:30,57.7153,2
3/5/2025 22:00,3/6/2025 11:00,33.0617,1
3/6/2025 11:45,3/7/2025 3:15,81.1957,1
3/6/2025 17:15,3/7/2025 7:45,54.5109,2
3/7/2025 11:30,3/7/2025 14:30,21.1067,2
3/7/2025 11:45,3/7/2025 17:30,52.1853,1
3/7/2025 18:30,3/8/2025 2:00,38.8133,1
3/7/2025 18:45,3/8/2025 4:45,29.6604,2
3/8/2025 12:45,3/8/2025 14:15,8.0919,1
3/8/2025 23:45,3/9/2025 3:15,7.6906,2
3/9/2025 7:00,3/9/2025 12:00,37.4121,2
3/9/2025 10:00,3/9/2025 11:30,3.7156,1
3/9/2025 21:00,3/10/2025 0:00,20.5979,1
3/10/2025 0:30,3/10/2025 7:30,23.5897,2
3/10/2025 10:15,3/10/2025 13:15,23.1313,2
3/10/2025 17:15,3/11/2025 8:15,108.8696,1
3/10/2025 21:45,3/11/2025 5:30,15.0691,2
3/11/2025 10:00,3/11/2025 15:30,41.4812,2
3/11/2025 16:15,3/12/2025 8:45,118.08,2
3/11/2025 18:15,3/12/2025 7:00,83.2542,1
3/12/2025 9:30,3/12/2025 11:15,4.3052,1
3/12/2025 16:30,3/13/2025 0:00,49.3454,1
3/12/2025 20:30,3/13/2025 0:45,28.3594,2
3/13/2025 3:15,3/13/2025 5:45,13.6946,1
3/13/2025 10:00,3/13/2025 18:30,54.3608,1
3/13/2025 14:00,3/13/2025 17:30,37.3382,2
3/13/2025 19:15,3/14/2025 2:30,37.0773,1
3/13/2025 19:30,3/14/2025 8:15,57.9837,2
3/14/2025 12:00,3/14/2025 16:15,21.8827,1
3/14/2025 17:30,3/15/2025 4:15,64.2204,1
3/14/2025 18:15,3/15/2025 9:15,76.3001,2
3/15/2025 16:30,3/16/2025 3:45,36.377,1
3/15/2025 16:45,3/16/2025 2:30,62.3818,2
3/16/2025 14:30,3/16/2025 16:45,3.8844,1
3/16/2025 21:45,3/17/2025 7:30,21.7895,2
3/17/2025 9:30,3/17/2025 11:30,5.1014,2
3/17/2025 12:00,3/17/2025 22:45,57.4696,1
3/17/2025 19:30,3/18/2025 2:45,22.3417,2
3/18/2025 9:00,3/18/2025 11:15,0,1
3/18/2025 13:30,3/18/2025 23:30,38.6164,1
3/18/2025 19:15,3/19/2025 3:30,52.7722,2
3/19/2025 3:15,3/19/2025 6:00,21.0712,1
3/19/2025 12:30,3/20/2025 5:30,97.0263,1
3/19/2025 16:45,3/20/2025 8:30,109.8727,2
3/20/2025 17:30,3/21/2025 0:30,38.4638,1
3/20/2025 19:00,3/21/2025 5:45,75.6549,2
3/21/2025 12:15,3/21/2025 15:45,18.501,2
3/21/2025 15:00,3/22/2025 6:45,79.9931,1
3/21/2025 18:45,3/22/2025 2:45,56.9746,2
3/22/2025 14:00,3/22/2025 18:00,22.1405,2
3/22/2025 22:45,3/23/2025 1:45,24.9943,1
3/23/2025 17:45,3/23/2025 21:15,18.0701,2
3/24/2025 1:30,3/24/2025 7:30,35.3623,2
3/24/2025 18:00,3/25/2025 14:45,113.5016,1
3/24/2025 18:30,3/25/2025 2:30,52.9701,2
3/25/2025 9:45,3/25/2025 13:45,9.1458,2
3/25/2025 18:15,3/26/2025 4:15,41.6018,2
3/25/2025 18:45,3/26/2025 0:00,10.057,1
3/26/2025 10:30,3/27/2025 0:00,91.8375,1
3/26/2025 11:15,3/26/2025 18:00,53.0742,2
3/26/2025 20:15,3/27/2025 4:00,66.1852,2
3/27/2025 17:15,3/28/2025 2:30,78.2129,1
3/27/2025 17:15,3/27/2025 23:30,49.4606,2
3/28/2025 11:00,3/28/2025 14:15,18.6863,1
3/28/2025 13:30,3/29/2025 1:30,113.0842,2
3/28/2025 17:15,3/29/2025 3:15,49.7395,1
3/29/2025 8:15,3/29/2025 11:00,0,1
3/29/2025 19:30,3/30/2025 1:15,14.3609,1
3/29/2025 20:30,3/29/2025 23:30,27.2892,2
3/30/2025 11:00,3/30/2025 13:15,5.0485,1
3/30/2025 19:00,3/30/2025 22:45,3.4009,2
3/31/2025 4:45,3/31/2025 11:45,64.6476,2
3/31/2025 16:15,4/1/2025 4:30,96.2027,2
3/31/2025 17:15,4/1/2025 8:30,60.1449,1
4/1/2025 5:30,4/1/2025 10:00,26.5958,2
4/1/2025 10:45,4/1/2025 15:45,28.3351,2
4/1/2025 13:30,4/1/2025 18:45,29.2939,1
4/1/2025 19:00,4/2/2025 3:45,41.7486,1
4/1/2025 19:30,4/2/2025 11:15,69.6834,2
4/2/2025 8:15,4/2/2025 12:45,18.5229,1
4/2/2025 18:15,4/3/2025 5:15,100.7055,2
4/2/2025 19:30,4/3/2025 3:45,53.6082,1
4/3/2025 8:30,4/3/2025 22:15,77.6215,1
4/3/2025 9:30,4/3/2025 12:00,17.1108,2
4/3/2025 13:45,4/3/2025 17:00,25.722,2
4/3/2025 18:45,4/4/2025 0:15,36.0867,2
4/4/2025 7:00,4/4/2025 13:15,42.2407,1
4/4/2025 8:30,4/4/2025 15:00,38.2873,2
4/4/2025 16:15,4/5/2025 1:30,49.5411,1
4/4/2025 17:45,4/5/2025 6:15,60.0686,2
4/5/2025 14:15,4/5/2025 16:15,0,1
4/5/2025 19:45,4/6/2025 5:15,27.077,1
4/5/2025 23:00,4/6/2025 6:15,10.0788,2
4/6/2025 9:30,4/6/2025 13:30,17.7696,1
4/6/2025 23:15,4/7/2025 1:15,5.5687,2
4/7/2025 2:15,4/7/2025 9:30,22.0669,2
4/7/2025 8:00,4/7/2025 13:15,20.5722,1
4/7/2025 10:15,4/7/2025 17:30,49.7056,2
4/7/2025 18:30,4/8/2025 10:00,83.5513,1
4/7/2025 20:30,4/8/2025 5:15,28.5002,2
4/8/2025 17:30,4/9/2025 10:15,127.5228,2
4/8/2025 17:45,4/9/2025 6:30,68.9226,1
4/9/2025 13:45,4/9/2025 16:15,12.0687,1
4/9/2025 16:45,4/9/2025 23:00,53.7508,2
4/9/2025 19:45,4/10/2025 3:30,3.3637,1
4/10/2025 10:45,4/11/2025 0:45,79.3141,1
4/10/2025 11:15,4/10/2025 14:15,9.7107,2
4/10/2025 17:45,4/11/2025 1:15,36.8589,2
4/11/2025 11:45,4/11/2025 16:30,11.5376,1
4/11/2025 17:00,4/11/2025 19:00,11.7014,2
4/11/2025 19:30,4/12/2025 4:45,75.9981,2
4/11/2025 20:45,4/12/2025 4:45,23.7769,1
4/12/2025 18:15,4/12/2025 22:15,27.5027,1
4/12/2025 20:15,4/13/2025 4:45,13.2177,2
4/13/2025 0:30,4/13/2025 6:45,44.9743,1
4/13/2025 19:00,4/14/2025 7:30,76.0696,1
4/14/2025 3:15,4/14/2025 8:45,35.2736,2
4/14/2025 18:00,4/14/2025 22:15,38.3001,2
4/14/2025 19:00,4/15/2025 7:30,45.0032,1
4/15/2025 11:45,4/16/2025 6:45,102.0573,1
4/15/2025 13:15,4/15/2025 15:45,7.3859,2
4/15/2025 18:45,4/16/2025 8:30,103.896,2
4/16/2025 12:15,4/16/2025 13:15,1.4158,2
4/16/2025 13:45,4/16/2025 15:45,9.5926,1
4/16/2025 14:45,4/16/2025 17:30,0,2
4/16/2025 20:30,4/17/2025 7:45,60.5511,1
4/16/2025 21:00,4/17/2025 7:45,22.9581,2
4/17/2025 10:30,4/17/2025 16:00,38.8583,2
4/17/2025 14:15,4/17/2025 16:45,11.2316,1
4/17/2025 17:30,4/18/2025 7:45,31.5178,1
4/17/2025 17:30,4/17/2025 23:45,17.2257,2
4/18/2025 7:00,4/18/2025 9:00,5.4096,2
4/18/2025 10:45,4/18/2025 15:45,23.5189,1
4/18/2025 17:15,4/19/2025 4:45,99.1619,2
4/18/2025 18:15,4/19/2025 4:15,19.1415,1
4/19/2025 19:00,4/20/2025 1:15,40.2037,1
4/19/2025 19:30,4/20/2025 3:30,55.4774,2
4/20/2025 11:45,4/20/2025 15:30,11.5637,2
4/20/2025 15:15,4/20/2025 17:45,7.7394,1
4/21/2025 1:00,4/21/2025 4:45,14.5429,2
4/21/2025 4:00,4/21/2025 7:00,9.6523,1
4/21/2025 14:45,4/21/2025 17:15,7.7665,2
4/21/2025 17:45,4/22/2025 1:15,40.6909,1
4/21/2025 19:15,4/22/2025 5:45,44.6026,2
4/22/2025 12:00,4/22/2025 14:00,0,1
4/22/2025 13:00,4/22/2025 15:45,1.5471,2
4/23/2025 7:15,4/23/2025 11:15,38.0846,2
4/23/2025 10:45,4/23/2025 17:15,47.6203,1
4/23/2025 12:00,4/23/2025 14:15,8.3166,2
4/23/2025 17:45,4/23/2025 23:30,42.571,1
4/23/2025 20:30,4/24/2025 0:45,22.3374,2
4/24/2025 2:00,4/24/2025 5:15,16.4314,2
4/24/2025 9:00,4/24/2025 13:00,20.6272,2
4/24/2025 12:45,4/24/2025 18:15,35.1316,1
4/24/2025 19:00,4/25/2025 7:45,63.0796,2
4/24/2025 21:00,4/25/2025 7:15,45.568,1
4/25/2025 10:00,4/25/2025 11:45,0,1
4/25/2025 17:00,4/26/2025 7:45,70.7577,1
4/25/2025 17:45,4/26/2025 1:30,66.0845,2
4/26/2025 12:15,4/26/2025 15:30,7.2373,1
4/26/2025 19:45,4/27/2025 0:15,21.0742,1
4/26/2025 21:15,4/27/2025 4:00,24.6528,2
4/27/2025 8:00,4/27/2025 9:00,0,1
4/27/2025 11:00,4/27/2025 12:30,0,2
4/27/2025 21:30,4/28/2025 1:30,29.3884,1
4/28/2025 4:00,4/28/2025 8:00,13.4253,1
4/28/2025 11:45,4/28/2025 13:00,4.2546,1
4/28/2025 14:30,4/29/2025 12:45,86.1234,1
4/28/2025 15:45,4/28/2025 18:30,1.4084,2
4/28/2025 19:30,4/29/2025 5:30,53.752,2
4/29/2025 14:30,4/29/2025 18:15,24.7153,2
4/29/2025 15:30,4/29/2025 21:00,41.4024,1
4/29/2025 19:00,4/30/2025 9:15,80.2096,2
4/29/2025 23:30,4/30/2025 5:30,12.0536,1
4/30/2025 6:45,4/30/2025 15:00,51.8207,1
4/30/2025 13:45,4/30/2025 22:15,82.4366,2
4/30/2025 17:30,4/30/2025 23:45,41.9763,1
5/1/2025 0:15,5/1/2025 3:15,11.508,2
5/1/2025 6:00,5/1/2025 10:00,28.6137,1
5/1/2025 13:00,5/1/2025 18:15,37.2383,2
5/1/2025 20:00,5/2/2025 4:00,22.0445,2
5/1/2025 20:45,5/2/2025 11:45,71.5389,1
5/2/2025 13:45,5/2/2025 15:15,4.1024,1
5/2/2025 20:30,5/2/2025 23:15,2.2061,2
5/3/2025 19:30,5/4/2025 0:45,19.2218,2
5/3/2025 21:00,5/3/2025 23:45,13.1641,1
5/4/2025 14:45,5/4/2025 16:15,0,2
5/4/2025 16:45,5/5/2025 2:30,48.0852,1
5/4/2025 17:15,5/5/2025 7:45,61.469,2
5/5/2025 4:15,5/5/2025 11:00,12.3233,1
5/5/2025 16:45,5/5/2025 19:45,10.2808,2
5/5/2025 18:45,5/6/2025 6:15,45.1931,1
5/5/2025 21:45,5/6/2025 2:45,43.6302,2
5/6/2025 7:30,5/6/2025 12:30,39.1147,1
5/6/2025 10:30,5/6/2025 16:45,61.5683,2
5/6/2025 16:45,5/7/2025 2:00,78.7235,1
5/6/2025 17:00,5/7/2025 0:30,47.1549,2
5/7/2025 4:00,5/7/2025 11:15,20.7603,1
5/7/2025 12:45,5/7/2025 16:00,14.9447,1
5/7/2025 16:45,5/8/2025 7:15,65.2719,2
5/7/2025 19:15,5/7/2025 22:00,5.9082,1
5/8/2025 5:30,5/8/2025 8:00,11.835,1
5/8/2025 8:45,5/8/2025 11:00,19.5109,1
5/8/2025 18:45,5/9/2025 8:00,104.2458,2
5/8/2025 21:00,5/9/2025 7:15,40.6136,1
5/9/2025 7:30,5/9/2025 12:45,23.1926,1
5/9/2025 14:00,5/9/2025 16:15,0,2
5/9/2025 16:45,5/10/2025 5:15,50.0597,1
5/9/2025 18:30,5/10/2025 2:45,28.7956,2
5/10/2025 16:15,5/10/2025 21:45,38.4155,2
5/10/2025 22:45,5/11/2025 4:15,39.1429,1
5/11/2025 17:15,5/11/2025 21:45,12.1102,2
5/11/2025 20:30,5/12/2025 1:30,26.4763,1
5/12/2025 15:30,5/13/2025 8:00,122.8486,2
5/12/2025 19:45,5/12/2025 23:45,23.6759,1
5/13/2025 9:00,5/13/2025 13:30,27.084,1
5/13/2025 16:15,5/14/2025 8:45,118.7196,2
5/13/2025 18:15,5/14/2025 3:00,84.6562,1
5/14/2025 13:45,5/14/2025 18:00,28.7032,1
5/14/2025 18:15,5/15/2025 11:00,70.052,1
5/14/2025 18:15,5/15/2025 11:15,81.3179,2
5/15/2025 13:15,5/15/2025 16:15,10.8022,1
5/15/2025 19:00,5/16/2025 4:45,73.2796,1
5/15/2025 19:30,5/16/2025 6:00,87.0148,2
5/16/2025 9:30,5/16/2025 12:30,12.4198,2
5/16/2025 13:15,5/16/2025 15:15,4.2933,1
5/16/2025 15:15,5/16/2025 18:00,6.0186,2
5/16/2025 17:00,5/17/2025 6:15,72.1785,1
5/16/2025 19:15,5/17/2025 1:00,12.2812,2
5/17/2025 12:15,5/17/2025 14:45,7.7096,1
5/17/2025 15:15,5/17/2025 17:30,8.9379,2
5/17/2025 18:45,5/18/2025 2:45,12.1424,2
5/17/2025 20:45,5/18/2025 4:15,11.3721,1
5/18/2025 5:45,5/18/2025 9:00,14.7071,2
5/18/2025 17:15,5/18/2025 22:30,13.1659,1
5/18/2025 23:45,5/19/2025 6:45,26.5164,1
5/19/2025 10:00,5/19/2025 14:30,21.9034,1
5/19/2025 18:15,5/20/2025 13:15,93.864,1
5/19/2025 18:45,5/20/2025 2:00,36.5821,2
5/20/2025 8:00,5/20/2025 9:45,0,2
5/20/2025 10:15,5/20/2025 13:15,0,2
5/20/2025 16:15,5/20/2025 23:45,24.4312,1
5/20/2025 21:15,5/21/2025 1:45,21.7657,2
5/21/2025 1:30,5/21/2025 6:15,16.7805,1
5/21/2025 3:30,5/21/2025 11:00,25.2153,2
5/21/2025 11:45,5/21/2025 17:45,39.8068,2
5/21/2025 17:15,5/22/2025 12:15,101.6132,1
5/22/2025 9:45,5/22/2025 10:30,1.4724,2
5/22/2025 12:30,5/22/2025 14:45,9.5698,1
5/22/2025 18:15,5/23/2025 4:15,52.5298,1
5/22/2025 18:30,5/23/2025 6:00,76.7099,2
5/23/2025 8:00,5/23/2025 10:15,8.3213,1
5/23/2025 12:00,5/23/2025 15:30,30.585,2
5/23/2025 14:00,5/23/2025 18:15,32.0814,1
5/23/2025 18:00,5/24/2025 6:15,43.1371,2
5/23/2025 18:30,5/23/2025 21:00,14.1536,1
5/23/2025 21:45,5/24/2025 0:00,14.2246,1
5/24/2025 17:15,5/24/2025 22:30,28.3993,2
5/24/2025 18:30,5/25/2025 2:45,44.0842,1
5/25/2025 20:30,5/25/2025 23:00,5.3944,2
5/26/2025 9:45,5/26/2025 11:30,0,1
5/26/2025 16:30,5/27/2025 7:15,77.6115,1
5/26/2025 18:30,5/27/2025 4:45,89.3447,2
5/27/2025 7:30,5/27/2025 12:00,21.8807,1
5/27/2025 14:00,5/27/2025 17:00,11.6927,2
5/27/2025 16:15,5/27/2025 17:45,0,1
5/27/2025 17:15,5/28/2025 4:45,53.4961,2
5/27/2025 19:15,5/28/2025 3:30,28.5881,1
5/28/2025 6:15,5/28/2025 10:15,34.108,1
5/28/2025 15:00,5/28/2025 18:45,28.6896,2
5/28/2025 19:00,5/29/2025 7:15,61.8145,1
5/28/2025 21:15,5/29/2025 4:45,58.1553,2
5/29/2025 9:15,5/29/2025 18:15,74.2725,1
5/29/2025 10:30,5/29/2025 14:30,28.3046,2
5/29/2025 16:15,5/30/2025 2:45,69.2198,2
5/29/2025 20:30,5/30/2025 9:00,73.4453,1
5/30/2025 23:00,5/31/2025 5:45,6.8086,2
5/31/2025 13:00,5/31/2025 17:00,17.6605,1
5/31/2025 17:30,5/31/2025 22:30,41.9432,2
6/1/2025 11:30,6/1/2025 14:15,0,2
6/1/2025 14:30,6/1/2025 18:00,24.7573,1
6/1/2025 16:15,6/1/2025 19:30,9.6657,2
6/2/2025 0:15,6/2/2025 8:15,48.7433,2
6/2/2025 1:30,6/2/2025 12:30,26.33,1
6/2/2025 17:45,6/2/2025 19:30,6.6219,2
6/2/2025 20:45,6/3/2025 10:30,47.2063,1
6/2/2025 20:45,6/2/2025 23:30,19.0678,2
6/3/2025 1:15,6/3/2025 7:15,36.5444,2
6/3/2025 14:30,6/3/2025 22:00,62.5283,1
6/3/2025 15:45,6/4/2025 2:45,57.0805,2
6/4/2025 4:00,6/4/2025 9:15,19.0119,1
6/4/2025 7:45,6/4/2025 11:30,14.131,2
6/4/2025 17:30,6/4/2025 19:15,5.2953,1
6/4/2025 18:45,6/5/2025 2:45,82.5752,2
6/5/2025 9:15,6/5/2025 12:30,18.4061,2
6/5/2025 14:30,6/6/2025 0:30,75.4963,1
6/5/2025 15:45,6/5/2025 18:45,18.5225,2
6/5/2025 19:30,6/5/2025 23:15,24.0087,2
6/6/2025 1:30,6/6/2025 11:00,45.7521,1
6/6/2025 11:30,6/6/2025 16:15,20.1189,1
6/6/2025 17:15,6/7/2025 1:00,53.3707,1
6/6/2025 18:15,6/7/2025 8:00,59.8999,2
6/7/2025 19:15,6/8/2025 7:15,55.897,1
6/7/2025 21:30,6/8/2025 5:15,27.8276,2
6/8/2025 18:15,6/8/2025 21:15,16.7821,2
6/8/2025 19:30,6/8/2025 20:30,2.5986,1
6/8/2025 21:45,6/9/2025 13:00,28.6363,2
6/9/2025 0:00,6/9/2025 3:45,25.0604,1
6/9/2025 17:00,6/10/2025 3:30,59.2772,1
6/9/2025 18:00,6/10/2025 0:15,47.7575,2
6/11/2025 15:30,6/12/2025 3:15,75.8914,1
6/11/2025 18:00,6/12/2025 1:15,55.3606,2
6/12/2025 7:45,6/12/2025 10:30,7.4441,2
6/12/2025 17:00,6/13/2025 14:15,143.7012,1
6/12/2025 18:30,6/13/2025 0:45,36.5979,2
6/13/2025 12:00,6/13/2025 15:00,8.8899,2
6/13/2025 15:30,6/13/2025 18:15,7.0556,2
6/13/2025 19:00,6/14/2025 4:45,43.6897,2
6/13/2025 19:15,6/14/2025 2:00,5.5249,1
6/14/2025 20:00,6/14/2025 23:15,9.4302,1
6/15/2025 21:45,6/16/2025 8:15,92.8233,2
6/15/2025 23:00,6/16/2025 13:45,69.5064,1
6/16/2025 9:45,6/16/2025 12:45,12.2875,2
6/16/2025 17:15,6/17/2025 2:15,22.6911,2
6/16/2025 18:15,6/17/2025 4:30,29.9753,1
6/17/2025 6:15,6/17/2025 14:00,55.0692,2
6/17/2025 16:00,6/18/2025 1:15,82.3953,2
6/17/2025 17:45,6/18/2025 9:00,56.6708,1
6/18/2025 16:45,6/19/2025 9:45,59.4048,1
6/18/2025 19:15,6/19/2025 0:30,36.0989,2
6/19/2025 7:15,6/19/2025 10:30,11.2481,2
6/19/2025 11:15,6/19/2025 15:30,31.3176,2
6/19/2025 16:45,6/19/2025 22:00,37.0151,2
6/19/2025 19:00,6/20/2025 6:30,51.4921,1
6/20/2025 11:45,6/20/2025 14:45,22.2615,1
6/20/2025 12:00,6/20/2025 16:45,25.7624,2
6/20/2025 17:00,6/21/2025 4:45,75.317,1
6/20/2025 19:45,6/21/2025 4:00,56.1445,2
6/21/2025 12:45,6/21/2025 17:15,14.7239,1
6/21/2025 20:45,6/21/2025 23:30,8.7343,2
6/22/2025 13:45,6/22/2025 16:45,13.5178,1
6/22/2025 18:45,6/23/2025 11:45,92.0176,2
6/23/2025 17:45,6/23/2025 23:00,32.0028,1
6/23/2025 19:30,6/24/2025 17:15,134.6595,2
6/24/2025 1:30,6/24/2025 5:15,2.4768,1
6/24/2025 14:30,6/24/2025 17:30,9.097,1
6/24/2025 18:15,6/25/2025 15:00,182.0846,2
6/24/2025 19:00,6/24/2025 21:15,13.9856,1
6/24/2025 21:30,6/25/2025 0:45,10.1692,1
6/25/2025 1:15,6/25/2025 4:30,17.0122,1
6/25/2025 13:30,6/25/2025 15:15,14.1036,1
6/25/2025 16:00,6/26/2025 7:45,122.8868,1
6/26/2025 12:15,6/26/2025 17:45,51.4827,2
6/26/2025 13:00,6/27/2025 0:30,80.1027,1
6/26/2025 19:45,6/27/2025 3:45,74.8469,2
6/27/2025 14:00,6/28/2025 9:00,76.902,1
6/27/2025 17:45,6/27/2025 21:45,32.6422,2
6/28/2025 15:15,6/28/2025 20:00,25.1988,1
6/28/2025 19:15,6/29/2025 1:00,24.0985,2
6/29/2025 17:00,6/29/2025 23:15,34.7578,1
6/29/2025 20:45,6/30/2025 10:45,64.4108,2
6/30/2025 4:00,6/30/2025 8:45,17.6601,1
6/30/2025 16:15,7/1/2025 3:30,75.894,1
6/30/2025 21:30,7/1/2025 2:00,35.0455,2
7/1/2025 6:45,7/1/2025 11:45,16.1587,1
7/1/2025 13:45,7/1/2025 16:45,5.8653,2
7/1/2025 19:00,7/1/2025 22:00,4.9993,2
7/2/2025 0:15,7/2/2025 12:15,37.4063,2
7/2/2025 13:00,7/2/2025 15:15,0,2
7/2/2025 14:45,7/3/2025 6:30,64.8755,1
7/2/2025 15:45,7/2/2025 16:45,0,2
7/3/2025 11:30,7/3/2025 13:30,0,1
7/3/2025 17:45,7/4/2025 9:45,58.915,1
7/3/2025 20:30,7/4/2025 9:00,98.8277,2
7/4/2025 18:00,7/5/2025 8:45,62.275,2
7/4/2025 20:15,7/5/2025 4:30,23.5472,1
7/5/2025 22:15,7/6/2025 3:30,21.6442,2
7/6/2025 2:00,7/6/2025 12:45,16.2685,1
7/6/2025 22:00,7/7/2025 6:30,27.1315,2
7/7/2025 11:30,7/7/2025 15:00,17.0325,2
7/7/2025 15:45,7/7/2025 20:15,18.5361,1
7/7/2025 23:30,7/8/2025 8:45,36.9909,1
7/8/2025 14:00,7/8/2025 18:45,28.6049,1
7/8/2025 17:45,7/9/2025 0:45,44.4063,2
7/9/2025 11:00,7/9/2025 13:45,14.6574,2
7/9/2025 18:00,7/9/2025 20:45,18.1525,2
7/9/2025 21:45,7/10/2025 2:30,23.421,1
7/10/2025 15:00,7/10/2025 16:00,0,2
7/10/2025 18:15,7/10/2025 21:15,10.8243,1
7/10/2025 19:15,7/10/2025 23:45,19.8593,2
7/10/2025 21:30,7/11/2025 3:45,19.3091,1
7/11/2025 13:30,7/11/2025 20:45,49.5103,1
7/11/2025 16:30,7/11/2025 19:00,3.836,2
7/11/2025 21:30,7/12/2025 6:45,13.0354,2
7/13/2025 2:15,7/13/2025 7:45,22.4761,2
7/14/2025 3:15,7/14/2025 5:45,11.7094,2
7/14/2025 19:15,7/15/2025 2:30,27.2014,1
7/14/2025 19:45,7/14/2025 22:45,12.5991,2
7/15/2025 17:45,7/16/2025 0:00,5.7017,2
7/15/2025 23:00,7/16/2025 4:15,9.2877,1
7/16/2025 7:45,7/16/2025 13:15,43.7006,2
7/16/2025 14:15,7/16/2025 17:00,0,2
7/16/2025 23:45,7/17/2025 6:15,45.1687,1
7/17/2025 3:15,7/17/2025 10:15,21.0045,2
7/17/2025 19:15,7/17/2025 23:30,38.2729,1
7/17/2025 22:15,7/18/2025 7:15,12.5088,2
7/18/2025 11:15,7/18/2025 14:45,31.4946,1
7/18/2025 12:30,7/18/2025 16:00,16.0815,2
7/18/2025 16:45,7/19/2025 0:15,30.704,1
7/19/2025 21:30,7/20/2025 1:15,11.7504,2
7/22/2025 12:30,7/22/2025 14:45,0,2
7/23/2025 16:30,7/23/2025 20:30,12.7893,2
7/23/2025 19:30,7/24/2025 0:30,26.5754,1
7/24/2025 8:30,7/24/2025 12:45,20.9288,1
7/24/2025 19:15,7/25/2025 4:15,62.9275,1
7/24/2025 23:00,7/25/2025 7:15,32.8582,2
7/25/2025 19:45,7/25/2025 23:15,14.3357,2
7/25/2025 20:15,7/25/2025 21:30,5.4143,1
7/26/2025 11:45,7/26/2025 13:15,0,2
7/28/2025 5:15,7/28/2025 12:00,8.1547,1
7/28/2025 23:00,7/29/2025 5:00,50.8542,2
7/29/2025 12:00,7/29/2025 16:00,28.0443,1
7/29/2025 18:30,7/29/2025 23:30,31.2892,2
7/30/2025 12:15,7/30/2025 16:45,22.7438,1
7/30/2025 18:15,7/30/2025 22:00,13.1886,1
7/30/2025 21:15,7/31/2025 0:45,17.7175,2
7/31/2025 9:30,7/31/2025 13:15,18.0904,1
7/31/2025 15:00,7/31/2025 16:45,0,2
7/31/2025 22:45,8/1/2025 4:30,11.3809,2
8/1/2025 15:00,8/1/2025 16:00,0,1
8/1/2025 17:00,8/1/2025 22:15,28.8743,1
8/1/2025 17:15,8/1/2025 23:45,35.3225,2
8/3/2025 23:15,8/4/2025 7:00,6.8911,1
8/4/2025 16:45,8/5/2025 0:00,55.5007,1
8/4/2025 19:30,8/5/2025 6:15,28.3511,2
8/5/2025 18:30,8/6/2025 3:15,30.7414,2
8/5/2025 20:30,8/6/2025 2:15,36.3782,1
8/6/2025 7:45,8/6/2025 11:00,19.8511,1
8/6/2025 20:30,8/7/2025 7:30,30.4368,1
8/6/2025 21:30,8/7/2025 2:15,15.3808,2
8/7/2025 16:45,8/7/2025 23:30,55.2103,2
8/7/2025 17:00,8/7/2025 19:00,6.6958,1
8/8/2025 10:30,8/8/2025 14:30,20.1389,1
8/8/2025 17:15,8/9/2025 7:00,49.8925,2
8/8/2025 22:45,8/9/2025 6:00,7.673,1
8/11/2025 9:15,8/11/2025 11:30,4.4356,2
8/11/2025 12:45,8/11/2025 15:30,7.8042,1
8/11/2025 22:45,8/12/2025 3:30,17.9616,2
8/12/2025 9:45,8/12/2025 14:15,25.3466,1
8/12/2025 18:45,8/12/2025 21:45,21.4086,1
8/12/2025 19:15,8/13/2025 1:30,29.2122,2
8/13/2025 7:15,8/13/2025 11:00,12.2243,2
8/13/2025 10:45,8/13/2025 13:45,0,1
8/13/2025 17:30,8/13/2025 22:00,16.768,1
8/13/2025 18:15,8/13/2025 22:30,18.8971,2
8/14/2025 15:30,8/14/2025 22:15,42.0869,1
8/14/2025 21:30,8/15/2025 4:45,21.5304,2
8/15/2025 18:45,8/16/2025 0:45,8.8561,1
8/15/2025 19:15,8/16/2025 1:00,22.4828,2
8/18/2025 8:45,8/18/2025 11:45,0,2
8/18/2025 18:30,8/19/2025 0:45,32.8509,1
8/18/2025 20:00,8/19/2025 10:45,52.1277,2
8/19/2025 19:45,8/19/2025 23:15,13.2306,1
8/19/2025 21:15,8/20/2025 1:15,17.1065,2
8/20/2025 21:30,8/21/2025 6:00,10.0479,2
8/20/2025 23:45,8/21/2025 8:45,26.7819,1
8/21/2025 12:15,8/21/2025 16:00,28.5684,1
8/21/2025 16:15,8/22/2025 2:00,33.8861,2
8/21/2025 23:45,8/22/2025 3:00,15.3446,1
8/22/2025 9:45,8/22/2025 12:30,0,1
8/22/2025 17:00,8/22/2025 22:15,38.3398,1
8/22/2025 18:15,8/23/2025 1:45,12.3632,2
8/25/2025 8:30,8/25/2025 9:45,8.8957,2
8/25/2025 10:00,8/25/2025 13:30,17.9935,1
8/25/2025 15:45,8/25/2025 19:45,22.4886,1
8/25/2025 16:15,8/25/2025 21:00,28.0467,2
8/26/2025 14:30,8/26/2025 17:00,0,2
8/26/2025 18:15,8/26/2025 21:15,16.2026,2
8/26/2025 22:45,8/27/2025 2:30,13.0656,2
8/26/2025 23:15,8/27/2025 2:30,21.7998,1
8/27/2025 3:45,8/27/2025 7:45,32.6015,2
8/27/2025 11:30,8/27/2025 17:30,44.6316,1
8/28/2025 9:15,8/28/2025 11:30,0,2
8/28/2025 15:30,8/28/2025 22:45,24.0024,1
8/28/2025 15:30,8/29/2025 1:15,20.8038,2
8/29/2025 18:00,8/30/2025 3:00,11.9167,1
8/29/2025 20:45,8/30/2025 3:00,56.0007,2
8/30/2025 19:30,8/30/2025 23:15,30.568,1
8/31/2025 20:00,8/31/2025 22:45,8.6632,2
9/1/2025 12:00,9/1/2025 15:30,18.4941,1
9/1/2025 21:30,9/2/2025 4:15,13.9695,2
9/2/2025 10:45,9/3/2025 0:45,93.5089,2
9/2/2025 18:45,9/3/2025 5:00,82.8348,1
9/3/2025 7:15,9/3/2025 15:00,60.0567,1
9/3/2025 12:45,9/4/2025 2:15,104.3729,2
9/3/2025 17:00,9/3/2025 18:15,3.9372,1
9/3/2025 19:30,9/4/2025 1:00,34.9041,1
9/4/2025 5:00,9/4/2025 8:30,22.6513,1
9/4/2025 12:15,9/4/2025 14:00,10.385,2
9/4/2025 19:00,9/5/2025 1:45,37.1208,1
9/4/2025 19:15,9/5/2025 5:30,68.8619,2
9/5/2025 3:45,9/5/2025 6:45,23.0774,1
9/5/2025 10:15,9/5/2025 12:00,13.0448,2
9/5/2025 10:45,9/5/2025 12:15,0,1
9/5/2025 17:30,9/6/2025 4:00,77.6988,1
9/5/2025 19:30,9/5/2025 23:00,30.6779,2
9/6/2025 18:15,9/7/2025 3:45,23.5331,2
9/6/2025 19:30,9/7/2025 2:45,18.2209,1
9/7/2025 19:45,9/8/2025 6:45,48.6877,2
9/7/2025 21:30,9/8/2025 5:00,25.5931,1
9/8/2025 11:00,9/9/2025 2:00,59.4485,2
9/8/2025 11:15,9/8/2025 18:00,36.8193,1
9/8/2025 18:30,9/9/2025 12:30,76.0987,1
9/9/2025 3:45,9/9/2025 9:15,36.1541,2
9/9/2025 13:45,9/10/2025 2:15,107.8045,2
9/9/2025 15:45,9/9/2025 21:15,29.9478,1
9/10/2025 1:15,9/10/2025 8:15,33.8275,1
9/10/2025 13:00,9/10/2025 17:15,21.0126,2
9/10/2025 13:15,9/11/2025 11:00,131.5288,1
9/10/2025 17:45,9/11/2025 9:00,63.015,2
9/11/2025 18:15,9/12/2025 1:15,41.5862,2
9/11/2025 21:30,9/12/2025 4:15,31.87,1
9/12/2025 6:30,9/12/2025 12:45,32.2263,2
9/12/2025 13:00,9/12/2025 17:45,18.3245,2
9/12/2025 15:45,9/12/2025 19:15,24.2523,1
9/12/2025 20:00,9/13/2025 8:00,42.7846,1
9/12/2025 20:15,9/13/2025 2:45,39.5829,2
9/13/2025 12:45,9/13/2025 17:30,24.4809,1
9/13/2025 21:30,9/14/2025 4:15,6.8861,2
9/14/2025 16:00,9/14/2025 19:30,11.7431,2
9/14/2025 19:00,9/14/2025 22:30,14.2896,1
9/15/2025 8:30,9/15/2025 12:45,19.3724,2
9/15/2025 13:45,9/15/2025 17:45,21.5177,1
9/15/2025 14:00,9/15/2025 17:45,24.605,2
9/15/2025 18:00,9/16/2025 1:15,51.2932,1
9/15/2025 18:30,9/16/2025 4:30,43.9198,2
9/16/2025 9:15,9/16/2025 11:45,13.0285,2
9/16/2025 14:45,9/17/2025 3:30,56.5365,1
9/16/2025 17:45,9/17/2025 6:45,68.0466,2
9/17/2025 8:45,9/17/2025 12:30,15.9633,1
9/17/2025 14:00,9/18/2025 2:00,92.314,1
9/17/2025 14:30,9/17/2025 18:30,29.4964,2
9/17/2025 21:30,9/18/2025 4:15,22.1037,2
9/18/2025 7:15,9/18/2025 12:15,31.5364,1
9/18/2025 16:15,9/19/2025 8:45,131.3137,1
9/18/2025 17:45,9/19/2025 6:45,48.6708,2
9/19/2025 9:45,9/19/2025 13:30,18.0659,1
9/19/2025 13:45,9/19/2025 17:30,21.6133,1
9/19/2025 17:00,9/20/2025 7:45,33.0178,2
9/19/2025 19:00,9/20/2025 4:45,63.9789,1
9/20/2025 11:45,9/20/2025 16:30,20.8499,1
9/20/2025 21:30,9/21/2025 7:30,21.6972,2
9/20/2025 23:45,9/21/2025 6:30,36.2787,1
9/21/2025 10:15,9/21/2025 12:00,14.194,2
9/22/2025 0:30,9/22/2025 9:45,27.093,2
9/22/2025 11:00,9/23/2025 1:15,65.5129,2
9/22/2025 16:45,9/22/2025 23:45,48.9896,1
9/23/2025 6:15,9/23/2025 10:30,11.3765,1
9/23/2025 15:30,9/23/2025 18:30,6.831,1
9/23/2025 18:30,9/23/2025 23:15,34.6251,2
9/23/2025 19:45,9/24/2025 8:30,85.0652,1
9/24/2025 11:45,9/24/2025 16:30,29.122,2
9/24/2025 17:30,9/25/2025 8:45,88.8673,2
9/24/2025 17:45,9/25/2025 6:45,42.5587,1
9/25/2025 16:00,9/26/2025 14:15,110.2372,2
9/25/2025 17:00,9/26/2025 8:30,81.2256,1
9/26/2025 9:45,9/27/2025 7:30,110.4991,1
9/26/2025 17:15,9/27/2025 3:30,83.1131,2
9/27/2025 14:45,9/27/2025 17:45,0,1
9/27/2025 19:15,9/28/2025 2:30,17.262,1
9/27/2025 20:15,9/28/2025 0:45,10.6237,2
9/28/2025 11:15,9/28/2025 17:00,23.1125,1
9/28/2025 17:00,9/28/2025 23:00,34.4766,2
9/29/2025 3:30,9/29/2025 6:00,15.0263,2
9/29/2025 4:45,9/29/2025 12:15,17.5856,1
9/29/2025 15:15,9/30/2025 5:45,75.7663,2
9/29/2025 20:15,9/30/2025 8:15,39.3926,1
9/30/2025 12:15,10/1/2025 9:30,107.9546,1
9/30/2025 17:15,10/1/2025 6:15,41.5327,2
10/1/2025 10:15,10/1/2025 12:45,0,2
10/1/2025 10:30,10/1/2025 15:45,28.2207,1
10/1/2025 19:30,10/2/2025 2:00,30.1134,2
10/1/2025 20:45,10/2/2025 4:15,50.1131,1
10/2/2025 15:00,10/3/2025 10:00,119.1485,2
10/2/2025 16:45,10/3/2025 0:30,48.2636,1
10/3/2025 11:15,10/4/2025 4:30,77.7564,2
10/3/2025 12:45,10/3/2025 15:45,12.0029,1
10/3/2025 20:30,10/4/2025 8:15,44.859,1
10/4/2025 11:45,10/4/2025 13:45,0,2
10/4/2025 13:00,10/4/2025 14:15,0,1
10/4/2025 18:00,10/5/2025 0:45,27.9032,2
10/4/2025 22:30,10/5/2025 3:00,11.4087,1
10/5/2025 20:15,10/6/2025 1:00,29.909,1
10/5/2025 21:15,10/6/2025 4:30,7.8634,2
10/6/2025 19:45,10/7/2025 8:45,62.373,1
10/6/2025 22:30,10/7/2025 11:00,51.9397,2
10/7/2025 15:45,10/8/2025 4:00,43.3272,1
10/7/2025 19:00,10/8/2025 7:15,43.0167,2
10/8/2025 8:15,10/8/2025 14:30,39.0166,2
10/8/2025 17:00,10/8/2025 23:45,30.1843,1
10/8/2025 18:00,10/9/2025 4:00,43.7862,2
10/9/2025 17:00,10/10/2025 5:00,66.1116,2
10/9/2025 18:45,10/10/2025 2:45,43.5697,1
10/10/2025 8:45,10/10/2025 13:45,27.8519,2
10/10/2025 17:45,10/11/2025 2:00,64.3122,1
10/10/2025 20:15,10/11/2025 1:00,4.807,2
10/11/2025 20:15,10/11/2025 23:15,5.3938,1
10/11/2025 21:15,10/12/2025 5:45,26.8207,2
10/12/2025 23:00,10/13/2025 8:45,18.89,2
10/13/2025 14:00,10/14/2025 9:00,107.3878,1
10/13/2025 18:00,10/13/2025 19:30,4.6038,2
10/13/2025 20:30,10/14/2025 3:15,26.0149,2
10/14/2025 9:15,10/14/2025 13:00,20.4593,1
10/14/2025 12:00,10/14/2025 16:00,23.6734,2
10/14/2025 16:15,10/15/2025 9:30,80.7291,1
10/14/2025 16:45,10/15/2025 7:30,72.0098,2
10/15/2025 11:30,10/15/2025 15:45,25.1007,2
10/15/2025 14:00,10/15/2025 18:15,22.7165,1
10/15/2025 18:00,10/16/2025 6:00,42.6511,2
10/15/2025 19:00,10/15/2025 20:30,7.9262,1
10/15/2025 21:45,10/16/2025 3:45,27.2501,1
10/16/2025 11:15,10/16/2025 16:00,29.5398,1
10/16/2025 18:00,10/17/2025 6:30,77.995,1
10/16/2025 18:45,10/17/2025 4:00,38.6274,2
10/17/2025 7:00,10/17/2025 10:15,11.8838,2
10/17/2025 17:45,10/17/2025 21:30,17.3803,2
10/17/2025 18:30,10/18/2025 0:45,27.7889,1
10/18/2025 11:15,10/18/2025 14:15,12.6308,2
10/18/2025 21:30,10/19/2025 8:30,35.8173,1
10/19/2025 10:00,10/19/2025 15:00,25.0703,2
10/19/2025 19:45,10/19/2025 22:00,12.5992,1
10/20/2025 9:30,10/20/2025 14:30,23.205,2
10/20/2025 10:45,10/20/2025 15:00,21.916,1
10/20/2025 16:45,10/21/2025 3:30,59.4501,2
10/20/2025 19:00,10/21/2025 7:30,62.412,1
10/21/2025 9:45,10/21/2025 10:45,0,1
10/21/2025 12:30,10/21/2025 18:15,25.9995,1
10/21/2025 18:30,10/22/2025 3:00,51.3662,2
10/21/2025 18:45,10/22/2025 8:45,64.3389,1
10/22/2025 9:30,10/22/2025 18:15,41.197,1
10/22/2025 9:30,10/22/2025 15:15,29.1624,2
10/22/2025 20:00,10/23/2025 2:15,12.7697,1
10/22/2025 20:00,10/23/2025 16:00,83.929,2
10/23/2025 12:45,10/23/2025 18:30,38.2755,1
10/23/2025 20:00,10/24/2025 2:15,46.7805,1
10/23/2025 20:45,10/24/2025 6:00,49.3287,2
10/24/2025 12:30,10/24/2025 17:30,25.1177,1
10/24/2025 13:45,10/24/2025 19:45,32.7808,2
10/24/2025 19:45,10/25/2025 5:30,46.0261,1
10/25/2025 13:15,10/25/2025 16:00,0,1
10/25/2025 19:15,10/25/2025 23:00,23.8946,2
10/25/2025 23:00,10/26/2025 5:45,10.6469,1
10/26/2025 18:45,10/27/2025 4:30,19.6296,1
10/26/2025 19:15,10/27/2025 3:00,11.2266,2
10/27/2025 9:30,10/27/2025 15:00,39.0331,2
10/27/2025 11:15,10/27/2025 14:00,0,1
10/27/2025 17:15,10/28/2025 0:15,41.775,1
10/27/2025 19:45,10/28/2025 4:00,25.3213,2
10/28/2025 4:00,10/28/2025 8:00,31.9327,1
10/28/2025 5:45,10/28/2025 9:30,33.3469,2
10/28/2025 11:00,10/28/2025 16:30,54.1417,2
10/28/2025 12:30,10/28/2025 15:15,5.924,1
10/28/2025 17:00,10/29/2025 7:00,58.2045,1
10/28/2025 18:15,10/29/2025 6:30,73.4249,2
10/29/2025 7:00,10/29/2025 15:00,63.2306,2
10/29/2025 18:30,10/29/2025 23:45,43.0609,1
10/29/2025 19:00,10/30/2025 7:15,39.8861,2
10/30/2025 10:15,10/30/2025 12:00,4.2461,1
10/30/2025 12:45,10/31/2025 7:00,118.5472,2
10/30/2025 17:30,10/31/2025 3:15,27.357,1
10/31/2025 8:00,10/31/2025 14:00,43.193,2
10/31/2025 15:15,11/1/2025 6:30,90.7595,1
10/31/2025 18:45,11/1/2025 4:00,62.9342,2
11/2/2025 1:30,11/2/2025 8:15,8.2417,1
11/3/2025 1:00,11/3/2025 5:45,27.9612,1
11/3/2025 13:30,11/3/2025 18:00,30.1422,1
11/3/2025 13:30,11/3/2025 20:30,39.5837,2
11/3/2025 20:00,11/4/2025 5:30,17.9274,1
11/3/2025 23:15,11/4/2025 12:30,31.775,2
11/4/2025 16:45,11/5/2025 10:30,93.5136,1
11/4/2025 17:45,11/5/2025 0:30,15.1038,2
11/5/2025 9:30,11/5/2025 17:30,34.7664,2
11/5/2025 18:15,11/7/2025 3:45,185.1379,1
11/5/2025 19:00,11/6/2025 2:45,36.0672,2
11/6/2025 17:00,11/7/2025 0:45,46.3071,2
11/7/2025 4:45,11/7/2025 8:00,22.2182,2
11/7/2025 8:15,11/7/2025 12:15,14.1108,2
11/7/2025 17:30,11/7/2025 22:15,26.1351,2
11/7/2025 18:30,11/8/2025 5:15,44.9628,1
11/7/2025 22:45,11/8/2025 8:15,21.9872,2
11/8/2025 16:45,11/8/2025 20:15,15.1084,2
11/8/2025 19:00,11/9/2025 4:30,18.0838,1
11/9/2025 12:00,11/9/2025 16:00,23.4408,1
11/9/2025 20:30,11/10/2025 8:45,26.9377,1
11/10/2025 6:45,11/10/2025 11:15,28.4572,2
11/10/2025 12:00,11/10/2025 16:15,26.1578,2
11/10/2025 19:00,11/11/2025 5:00,42.6838,1
11/10/2025 20:45,11/11/2025 7:00,31.5733,2
11/11/2025 11:00,11/11/2025 16:15,26.6122,2
11/11/2025 20:00,11/12/2025 6:00,58.3899,1
11/12/2025 11:15,11/12/2025 14:15,17.1138,2
11/12/2025 14:00,11/12/2025 18:00,26.5259,1
11/12/2025 15:15,11/13/2025 1:15,60.3646,2
11/12/2025 18:30,11/12/2025 23:30,27.1826,1
11/13/2025 0:00,11/13/2025 6:30,40.3535,1
11/13/2025 3:45,11/13/2025 7:15,16.7203,2
11/13/2025 9:00,11/13/2025 11:30,11.7581,1
11/13/2025 13:00,11/14/2025 2:00,57.4638,1
11/13/2025 18:15,11/14/2025 2:45,52.1866,2
11/14/2025 15:15,11/15/2025 6:15,78.571,1
11/14/2025 17:30,11/15/2025 8:30,51.1237,2
11/15/2025 17:00,11/16/2025 2:30,14.643,2
11/15/2025 20:15,11/16/2025 3:30,29.8145,1
11/16/2025 13:30,11/16/2025 16:15,12.8856,2
11/16/2025 17:30,11/16/2025 20:15,13.8279,1
11/16/2025 21:45,11/17/2025 4:15,30.0663,2
11/17/2025 9:30,11/17/2025 12:30,16.0272,1
11/17/2025 10:00,11/17/2025 13:30,19.6667,2
11/17/2025 19:15,11/17/2025 22:30,17.9149,1
11/17/2025 21:30,11/18/2025 4:15,49.4347,2
11/18/2025 10:45,11/18/2025 12:30,12.3902,2
11/18/2025 12:15,11/18/2025 15:30,26.4461,1
11/18/2025 15:00,11/19/2025 7:00,93.0023,2
11/18/2025 18:30,11/19/2025 6:15,69.764,1
11/19/2025 13:15,11/19/2025 16:00,10.3842,1
11/19/2025 19:00,11/20/2025 1:30,40.5832,2
11/19/2025 20:15,11/20/2025 4:15,55.8378,1
11/20/2025 9:00,11/20/2025 17:00,62.4537,1
11/20/2025 12:45,11/20/2025 17:30,27.9857,2
11/20/2025 17:45,11/21/2025 2:00,34.4473,2
11/20/2025 18:45,11/21/2025 5:15,44.3127,1
11/21/2025 3:45,11/21/2025 10:45,22.0101,2
11/21/2025 13:00,11/21/2025 18:30,24.8937,2
11/21/2025 17:00,11/22/2025 1:00,38.7821,1
11/21/2025 21:30,11/22/2025 4:15,27.14,2
11/22/2025 19:00,11/23/2025 5:30,42.0857,1
11/22/2025 19:30,11/23/2025 0:00,23.2859,2
11/23/2025 19:30,11/24/2025 2:45,9.6361,2
11/23/2025 22:00,11/24/2025 7:30,33.4274,1
11/24/2025 4:15,11/24/2025 9:30,23.1679,2
11/24/2025 11:15,11/24/2025 14:45,8.9926,2
11/24/2025 11:45,11/24/2025 14:45,19.7976,1
11/24/2025 19:15,11/25/2025 1:45,38.6355,1
11/24/2025 21:00,11/24/2025 23:45,14.4652,2
11/25/2025 2:15,11/25/2025 7:30,42.599,2
11/25/2025 11:30,11/25/2025 16:15,30.4308,1
11/25/2025 14:00,11/25/2025 16:00,4.3764,2
11/25/2025 16:30,11/26/2025 6:45,49.8822,1
11/26/2025 16:30,11/27/2025 8:15,58.5896,2
11/26/2025 17:00,11/27/2025 2:30,46.4167,1
11/27/2025 9:00,11/27/2025 12:15,14.3468,1
11/27/2025 9:15,11/27/2025 15:30,45.0757,2
11/27/2025 16:15,11/28/2025 6:45,69.5231,2
11/27/2025 17:30,11/28/2025 3:15,63.7778,1
11/28/2025 18:30,11/29/2025 1:15,29.3622,1
11/28/2025 19:30,11/29/2025 1:45,29.7729,2
11/29/2025 12:15,11/29/2025 16:00,16.3855,1
11/29/2025 16:15,11/29/2025 17:45,0,2
11/29/2025 18:30,11/29/2025 21:45,22.5741,2
11/30/2025 14:30,11/30/2025 21:45,23.4982,2
12/1/2025 3:15,12/1/2025 6:15,8.6578,1
12/1/2025 12:30,12/1/2025 17:00,17.4748,2
12/1/2025 13:45,12/1/2025 16:45,28.8994,1
12/1/2025 17:30,12/2/2025 11:00,70.3572,2
12/1/2025 18:00,12/2/2025 4:00,67.106,1
12/2/2025 13:00,12/2/2025 16:00,11.9897,2
12/2/2025 17:00,12/3/2025 9:30,77.3202,2
12/3/2025 8:00,12/3/2025 9:45,0,1
12/3/2025 10:45,12/4/2025 3:45,119.346,2
12/3/2025 13:15,12/3/2025 23:00,64.7452,1
12/4/2025 11:45,12/4/2025 15:30,27.5753,2
12/4/2025 17:30,12/5/2025 3:45,71.2637,2
12/4/2025 18:15,12/5/2025 3:30,28.2541,1
12/5/2025 7:45,12/5/2025 13:15,25.7265,1
12/5/2025 19:00,12/6/2025 1:45,34.7623,1
12/5/2025 19:45,12/6/2025 2:15,41.146,2
12/6/2025 18:30,12/7/2025 1:45,11.4647,2
12/6/2025 19:30,12/7/2025 2:00,28.6556,1
12/7/2025 12:45,12/7/2025 16:30,17.663,2
12/7/2025 13:45,12/7/2025 18:15,22.5883,1
12/8/2025 3:30,12/8/2025 10:45,37.5054,2
12/8/2025 14:00,12/9/2025 6:45,71.7633,2
12/8/2025 15:15,12/9/2025 2:30,71.9442,1
12/9/2025 12:30,12/9/2025 16:45,22.9593,2
12/9/2025 14:45,12/9/2025 18:45,21.958,1
12/9/2025 18:00,12/9/2025 23:15,41.8284,2
12/10/2025 0:00,12/10/2025 12:15,39.0315,2
12/10/2025 13:00,12/10/2025 18:00,35.7043,1
12/10/2025 13:00,12/10/2025 17:45,40.9328,2
12/10/2025 20:45,12/11/2025 7:15,65.2408,2
12/11/2025 1:00,12/11/2025 6:00,22.2998,1
12/11/2025 11:00,12/12/2025 5:15,112.5704,2
12/11/2025 11:30,12/11/2025 12:30,0,1
12/11/2025 17:00,12/12/2025 4:15,78.936,1
12/12/2025 9:45,12/12/2025 14:45,24.1394,2
12/12/2025 10:30,12/12/2025 14:30,30.0705,1
12/12/2025 18:15,12/13/2025 1:45,29.0095,2
12/12/2025 20:15,12/13/2025 3:30,44.9056,1
12/13/2025 20:15,12/14/2025 6:30,26.7308,1
12/14/2025 19:15,12/15/2025 5:15,28.6615,1
12/14/2025 22:15,12/15/2025 7:30,15.0758,2
12/15/2025 11:00,12/15/2025 13:30,3.481,1
12/15/2025 13:45,12/15/2025 16:45,15.0639,1
12/15/2025 17:30,12/15/2025 20:00,11.6686,1
12/15/2025 18:00,12/16/2025 5:15,34.6674,2
12/15/2025 20:45,12/16/2025 3:30,36.4466,1
12/16/2025 5:30,12/16/2025 11:00,11.7466,2
12/16/2025 12:30,12/16/2025 16:45,24.9499,2
12/16/2025 18:00,12/17/2025 2:15,50.1806,1
12/16/2025 18:00,12/17/2025 1:30,49.8797,2
12/17/2025 11:45,12/17/2025 14:00,5.0932,1
12/17/2025 12:30,12/18/2025 10:45,118.4691,2
12/18/2025 18:15,12/19/2025 10:15,73.6613,2
12/18/2025 19:30,12/19/2025 9:00,62.956,1
12/19/2025 16:00,12/20/2025 3:15,59.241,1
12/19/2025 16:00,12/20/2025 4:00,60.7999,2
12/20/2025 9:00,12/20/2025 10:15,0,1
12/20/2025 19:00,12/20/2025 23:15,20.9485,2
12/20/2025 19:15,12/20/2025 22:30,19.5667,1
12/21/2025 9:00,12/21/2025 10:15,0,1
12/21/2025 11:00,12/21/2025 13:30,0,1
12/21/2025 17:00,12/21/2025 19:30,12.0123,1
12/21/2025 19:00,12/22/2025 15:15,64.021,2
12/22/2025 12:15,12/22/2025 15:15,23.4488,1
12/22/2025 18:30,12/23/2025 3:15,25.375,2
12/22/2025 19:30,12/23/2025 4:45,35.5379,1
12/23/2025 9:45,12/23/2025 14:30,35.0241,1
12/23/2025 12:45,12/24/2025 1:15,57.213,2
12/23/2025 20:00,12/23/2025 21:15,3.4937,1
12/24/2025 12:30,12/25/2025 3:00,75.5774,1
12/24/2025 19:00,12/25/2025 8:00,14.7144,2
12/25/2025 13:00,12/25/2025 16:30,18.4675,2
12/25/2025 21:45,12/26/2025 5:15,19.1467,1
12/25/2025 23:15,12/26/2025 1:15,7.1171,2
12/27/2025 19:30,12/27/2025 23:15,16.5547,1
12/27/2025 20:15,12/28/2025 1:15,27.8131,2
12/29/2025 0:00,12/29/2025 2:00,1.7166,2
12/29/2025 2:00,12/29/2025 6:15,22.5479,1
12/29/2025 15:15,12/29/2025 18:30,6.7475,2
12/29/2025 17:30,12/30/2025 5:30,24.2392,1
12/30/2025 11:45,12/30/2025 12:45,0,2
12/30/2025 16:15,12/30/2025 18:45,6.7816,1
12/30/2025 18:45,12/31/2025 4:45,25.0867,2
12/30/2025 19:15,12/31/2025 8:15,46.7782,1
12/31/2025 14:00,12/31/2025 16:30,7.4101,1
12/31/2025 18:30,12/31/2025 20:30,10.667,1
12/31/2025 19:45,1/1/2026 0:00,6.8373,2
